method	algorithm	distance	feature_selection	k	stretch	delta_auc	p_val	cox_anova_pval	cox_anova_chisq	cluster.size	noisen	diameter	average.distance	median.distance	average.between	average.within	within.cluster.ss	clus.avg.silwidths	avg_sil	dunn	dunn2	entropy	wb.ratio	cluster_size_min	cluster_size_max	all_equal	cluster_qual	rank
pam_canberra_12	pam	canberra	dip_test	12	47	0.01	6.3e-03	NA	NA	153, 90, 127, 254, 144, 126, 137, 74, 99, 74, 93, 66	0	0.85, 0.8, 0.8, 0.81, 0.84, 0.78, 0.8, 0.95, 0.89, 0.87, 0.82, 0.8	0.61, 0.6, 0.54, 0.53, 0.6, 0.6, 0.59, 0.72, 0.66, 0.68, 0.6, 0.62	0.61, 0.61, 0.54, 0.53, 0.6, 0.61, 0.59, 0.72, 0.65, 0.68, 0.61, 0.62	0.72	0.6	259.75	0.07, 0.07, 0.07, 0.1, 0.04, 0.02, 0.05, -0.01, 0.01, 0.01, 0.06, 0.08	0.05	0.38	0.82	2.41	0.83	NA	NA	5.17e-46	69.19	1
pam_binary_12	pam	binary	dip_test	12	47	0.01	1.58e-02	NA	NA	154, 91, 142, 244, 150, 138, 131, 75, 100, 56, 90, 66	0	0.86, 0.8, 0.82, 0.81, 0.84, 0.8, 0.8, 0.95, 0.91, 0.87, 0.82, 0.86	0.61, 0.61, 0.61, 0.52, 0.61, 0.59, 0.54, 0.72, 0.66, 0.67, 0.6, 0.62	0.61, 0.61, 0.61, 0.52, 0.61, 0.6, 0.54, 0.72, 0.67, 0.67, 0.6, 0.63	0.72	0.6	260.14	0.07, 0.07, 0.01, 0.1, 0.03, 0.06, 0.07, -0.01, 0, 0.02, 0.07, 0.08	0.05	0.37	0.81	2.4	0.83	NA	NA	1.39e-46	69	2
pam_pearson_10	pam	pearson	dip_test	10	47	0.02	1.01e-02	NA	NA	123, 94, 105, 290, 133, 150, 264, 103, 81, 94	0	0.83, 0.81, 0.8, 0.75, 0.84, 0.89, 0.9, 0.9, 0.95, 0.86	0.58, 0.61, 0.54, 0.53, 0.61, 0.63, 0.65, 0.62, 0.72, 0.63	0.58, 0.62, 0.54, 0.53, 0.61, 0.63, 0.66, 0.62, 0.73, 0.63	0.72	0.6	266.24	0.11, 0.06, 0.09, 0.1, 0.04, 0.03, 0.03, 0.05, -0.02, 0.06	0.06	0.38	0.82	2.2	0.84	NA	NA	2.97e-67	68.64	3
pam_spearman_10	pam	spearman	dip_test	10	47	0.02	1.58e-02	NA	NA	120, 281, 271, 128, 149, 100, 112, 86, 90, 100	0	0.8, 0.91, 0.75, 0.83, 0.88, 0.92, 0.8, 0.95, 0.81, 0.87	0.58, 0.66, 0.53, 0.6, 0.63, 0.61, 0.54, 0.72, 0.6, 0.64	0.58, 0.66, 0.53, 0.61, 0.63, 0.61, 0.54, 0.73, 0.61, 0.64	0.72	0.6	266.3	0.12, 0.03, 0.1, 0.04, 0.03, 0.05, 0.08, -0.02, 0.07, 0.05	0.05	0.38	0.81	2.2	0.84	NA	NA	5.92e-65	68.08	4
pam_pearson_11	pam	pearson	dip_test	11	47	0.01	1.11e-01	NA	NA	123, 94, 105, 290, 133, 147, 229, 98, 80, 94, 44	0	0.83, 0.81, 0.8, 0.75, 0.84, 0.88, 0.89, 0.87, 0.95, 0.86, 0.9	0.58, 0.61, 0.54, 0.53, 0.61, 0.63, 0.64, 0.61, 0.72, 0.63, 0.7	0.58, 0.62, 0.54, 0.53, 0.61, 0.63, 0.64, 0.61, 0.72, 0.63, 0.69	0.72	0.6	263.73	0.11, 0.06, 0.09, 0.1, 0.04, 0.03, 0.04, 0.06, -0.02, 0.05, 0.01	0.05	0.38	0.83	2.28	0.83	NA	NA	6.91e-76	67.48	5
pam_binary_17	pam	binary	dip_test	17	47	0	4.68e-01	NA	NA	152, 88, 101, 179, 89, 35, 116, 47, 118, 46, 82, 43, 87, 82, 77, 64, 31	0	0.86, 0.8, 0.78, 0.81, 0.76, 0.86, 0.79, 0.84, 0.8, 0.9, 0.8, 0.79, 0.89, 0.87, 0.8, 0.8, 0.71	0.61, 0.6, 0.6, 0.5, 0.56, 0.65, 0.58, 0.63, 0.53, 0.69, 0.6, 0.56, 0.65, 0.66, 0.58, 0.61, 0.52	0.61, 0.61, 0.6, 0.49, 0.56, 0.65, 0.58, 0.62, 0.53, 0.69, 0.61, 0.57, 0.65, 0.67, 0.58, 0.62, 0.51	0.72	0.59	250.16	0.06, 0.06, 0.01, 0.1, 0, 0.05, 0.06, 0.03, 0.06, 0.03, 0.01, 0.06, 0.01, 0.01, 0.07, 0.08, 0.1	0.05	0.4	0.81	2.73	0.82	NA	NA	1.1e-56	67.05	6
pam_pearson_9	pam	pearson	dip_test	9	47	0.02	4.45e-04	NA	NA	126, 94, 107, 310, 181, 356, 112, 52, 99	0	0.86, 0.81, 0.81, 0.78, 0.92, 0.91, 0.92, 0.92, 0.86	0.59, 0.61, 0.54, 0.54, 0.65, 0.66, 0.63, 0.7, 0.63	0.58, 0.62, 0.54, 0.54, 0.64, 0.66, 0.62, 0.69, 0.64	0.72	0.61	271.55	0.11, 0.07, 0.1, 0.09, 0.02, 0.05, 0.05, 0.02, 0.06	0.06	0.39	0.86	2.03	0.84	NA	NA	5.25e-113	67.03	7
pam_binary_13	pam	binary	dip_test	13	47	0.01	2.81e-01	NA	NA	154, 91, 139, 244, 147, 45, 126, 131, 71, 94, 50, 79, 66	0	0.86, 0.8, 0.82, 0.81, 0.84, 0.86, 0.8, 0.8, 0.95, 0.91, 0.8, 0.8, 0.86	0.61, 0.61, 0.61, 0.52, 0.6, 0.67, 0.58, 0.54, 0.71, 0.66, 0.64, 0.58, 0.62	0.61, 0.61, 0.61, 0.52, 0.6, 0.68, 0.59, 0.54, 0.72, 0.66, 0.65, 0.59, 0.63	0.72	0.6	257.64	0.07, 0.07, 0.01, 0.1, 0.03, 0.02, 0.06, 0.07, 0, 0, 0.04, 0.08, 0.08	0.05	0.37	0.82	2.46	0.83	NA	NA	8.5e-62	66.81	8
pam_binary_16	pam	binary	dip_test	16	47	0.01	4.68e-01	NA	NA	152, 90, 129, 227, 120, 35, 128, 43, 119, 56, 87, 78, 77, 64, 30, 2	0	0.86, 0.8, 0.78, 0.81, 0.82, 0.86, 0.8, 0.81, 0.8, 0.95, 0.89, 0.87, 0.8, 0.8, 0.68, 0.62	0.61, 0.61, 0.6, 0.51, 0.6, 0.65, 0.58, 0.59, 0.53, 0.71, 0.65, 0.66, 0.58, 0.61, 0.51, 0.62	0.61, 0.61, 0.61, 0.51, 0.6, 0.65, 0.59, 0.59, 0.53, 0.71, 0.65, 0.67, 0.58, 0.62, 0.5, 0.62	0.72	0.59	252.61	0.06, 0.06, 0.01, 0.1, 0.01, 0.05, 0.06, 0.06, 0.07, 0, 0.02, 0.01, 0.07, 0.07, 0.13, 0.06	0.05	0.37	0.82	2.58	0.82	NA	NA	1.14e-99	66.65	9
pam_binary_11	pam	binary	dip_test	11	47	0.01	2.11e-01	NA	NA	154, 91, 143, 244, 152, 160, 131, 75, 127, 69, 91	0	0.86, 0.8, 0.82, 0.81, 0.84, 0.8, 0.8, 0.95, 0.91, 0.86, 0.82	0.61, 0.61, 0.61, 0.52, 0.61, 0.61, 0.54, 0.72, 0.68, 0.63, 0.6	0.61, 0.61, 0.62, 0.52, 0.61, 0.62, 0.54, 0.72, 0.68, 0.63, 0.6	0.72	0.6	262.85	0.07, 0.07, 0.02, 0.1, 0.02, 0.04, 0.07, -0.01, 0, 0.07, 0.07	0.05	0.37	0.81	2.33	0.83	NA	NA	1.37e-35	66.61	10
pam_canberra_11	pam	canberra	dip_test	11	47	0.01	2.81e-01	NA	NA	153, 90, 127, 254, 145, 138, 171, 74, 121, 70, 94	0	0.85, 0.8, 0.8, 0.81, 0.84, 0.82, 0.82, 0.95, 0.91, 0.86, 0.82	0.61, 0.6, 0.54, 0.53, 0.6, 0.61, 0.62, 0.72, 0.68, 0.63, 0.6	0.61, 0.61, 0.54, 0.53, 0.6, 0.61, 0.63, 0.72, 0.68, 0.63, 0.61	0.72	0.6	262.81	0.07, 0.07, 0.07, 0.1, 0.03, 0.03, 0.03, -0.01, 0.01, 0.07, 0.06	0.05	0.38	0.82	2.33	0.83	NA	NA	7.35e-40	65.95	11
pam_canberra_13	pam	canberra	dip_test	13	47	0.01	3.67e-01	NA	NA	153, 90, 127, 253, 144, 126, 139, 74, 98, 67, 93, 68, 5	0	0.85, 0.8, 0.8, 0.81, 0.84, 0.78, 0.78, 0.95, 0.91, 0.87, 0.82, 0.86, 0.62	0.61, 0.6, 0.54, 0.53, 0.6, 0.6, 0.59, 0.72, 0.66, 0.67, 0.6, 0.62, 0.55	0.61, 0.61, 0.54, 0.53, 0.6, 0.61, 0.59, 0.72, 0.66, 0.68, 0.61, 0.62, 0.53	0.72	0.6	259.21	0.07, 0.07, 0.07, 0.1, 0.03, 0.01, 0.04, -0.01, 0.01, -0.02, 0.06, 0.08, 0.16	0.05	0.38	0.82	2.42	0.83	NA	NA	3.78e-73	65.72	12
pam_canberra_10	pam	canberra	dip_test	10	46	0.01	7.83e-02	NA	NA	154, 95, 128, 261, 160, 138, 194, 134, 75, 98	0	0.87, 0.85, 0.8, 0.81, 0.92, 0.82, 0.91, 0.96, 0.92, 0.84	0.61, 0.62, 0.54, 0.53, 0.62, 0.61, 0.65, 0.7, 0.65, 0.61	0.61, 0.62, 0.54, 0.54, 0.61, 0.61, 0.65, 0.7, 0.64, 0.61	0.72	0.61	268.92	0.08, 0.06, 0.07, 0.09, 0.03, 0.04, 0, 0, 0.06, 0.06	0.05	0.38	0.84	2.24	0.84	NA	NA	1.58e-34	65.32	13
pam_binary_15	pam	binary	dip_test	15	47	0.01	5.81e-01	NA	NA	154, 90, 127, 244, 120, 35, 126, 42, 131, 56, 87, 80, 78, 65, 2	0	0.86, 0.8, 0.78, 0.81, 0.82, 0.86, 0.8, 0.77, 0.8, 0.95, 0.89, 0.87, 0.8, 0.8, 0.5	0.61, 0.61, 0.6, 0.52, 0.6, 0.65, 0.58, 0.59, 0.54, 0.71, 0.65, 0.66, 0.58, 0.62, 0.5	0.61, 0.61, 0.61, 0.52, 0.6, 0.65, 0.59, 0.59, 0.54, 0.71, 0.65, 0.66, 0.58, 0.62, 0.5	0.72	0.59	254.69	0.07, 0.07, -0.02, 0.09, 0.01, 0.05, 0.01, 0.07, 0.07, 0.01, 0.01, 0, 0.07, 0.08, 0.15	0.05	0.37	0.82	2.53	0.82	NA	NA	3.14e-97	65.17	14
pam_manhattan_11	pam	manhattan	dip_test	11	46	0.02	1.34e-04	NA	NA	114, 198, 197, 144, 81, 131, 281, 71, 84, 73, 63	0	0.79, 0.8, 0.75, 0.87, 0.79, 0.81, 1, 0.7, 0.84, 0.79, 0.74	0.57, 0.6, 0.51, 0.61, 0.6, 0.57, 0.76, 0.49, 0.6, 0.6, 0.56	0.57, 0.6, 0.51, 0.62, 0.6, 0.58, 0.76, 0.49, 0.6, 0.6, 0.56	0.71	0.61	272.72	0.11, 0.04, 0.07, 0.02, 0.03, -0.03, -0.08, 0.14, 0.07, 0.08, 0.09	0.05	0.33	0.74	2.28	0.85	NA	NA	5.48e-73	64.97	15
pam_pearson_14	pam	pearson	dip_test	14	47	0.01	4.68e-01	NA	NA	80, 98, 300, 96, 110, 42, 73, 73, 86, 227, 59, 79, 40, 74	0	0.86, 0.76, 0.8, 0.8, 0.83, 0.86, 0.78, 0.95, 0.8, 0.91, 0.79, 0.86, 0.8, 0.8	0.63, 0.53, 0.53, 0.61, 0.61, 0.64, 0.54, 0.71, 0.6, 0.65, 0.59, 0.62, 0.65, 0.57	0.63, 0.53, 0.54, 0.61, 0.61, 0.65, 0.54, 0.72, 0.61, 0.65, 0.59, 0.62, 0.65, 0.58	0.72	0.6	258.1	-0.01, 0.11, 0.09, 0.05, 0.03, 0.05, 0.13, -0.01, 0.08, 0.03, 0.05, 0.05, 0.03, 0.09	0.05	0.38	0.83	2.46	0.83	NA	NA	4.16e-133	64.91	16
pam_canberra_14	pam	canberra	dip_test	14	47	0.01	5.81e-01	NA	NA	153, 89, 127, 253, 146, 122, 37, 135, 72, 89, 53, 80, 66, 15	0	0.85, 0.8, 0.8, 0.81, 0.84, 0.78, 0.86, 0.8, 0.95, 0.91, 0.85, 0.8, 0.8, 0.69	0.61, 0.6, 0.54, 0.53, 0.6, 0.6, 0.65, 0.59, 0.72, 0.65, 0.67, 0.58, 0.62, 0.59	0.61, 0.61, 0.54, 0.53, 0.6, 0.6, 0.65, 0.59, 0.72, 0.65, 0.67, 0.59, 0.62, 0.59	0.72	0.59	256.8	0.07, 0.07, 0.07, 0.1, 0.03, 0.01, 0.05, 0.04, -0.01, 0.01, -0.01, 0.07, 0.08, 0.07	0.05	0.38	0.82	2.48	0.83	NA	NA	6.34e-89	64.84	17
pam_canberra_17	pam	canberra	dip_test	17	47	0	6.99e-01	NA	NA	166, 87, 115, 179, 79, 105, 33, 90, 116, 48, 47, 46, 89, 73, 77, 58, 29	0	0.85, 0.8, 0.8, 0.73, 0.8, 0.78, 0.86, 0.81, 0.78, 0.88, 0.92, 0.79, 0.91, 0.87, 0.8, 0.77, 0.68	0.62, 0.6, 0.53, 0.49, 0.6, 0.61, 0.64, 0.56, 0.58, 0.63, 0.69, 0.57, 0.65, 0.66, 0.58, 0.61, 0.5	0.62, 0.61, 0.53, 0.49, 0.6, 0.61, 0.64, 0.56, 0.58, 0.63, 0.69, 0.58, 0.65, 0.67, 0.58, 0.61, 0.5	0.72	0.59	250.54	0.05, 0.06, 0.06, 0.11, 0.02, 0.01, 0.06, 0, 0.07, 0.03, 0.03, 0.04, 0.01, 0.02, 0.07, 0.1, 0.13	0.05	0.39	0.81	2.72	0.82	NA	NA	6.87e-63	64.67	18
pam_spearman_8	pam	spearman	dip_test	8	47	0.03	1.55e-01	NA	NA	125, 386, 301, 169, 109, 115, 117, 115	0	0.83, 0.95, 0.81, 0.92, 0.92, 0.9, 0.86, 0.93	0.58, 0.67, 0.54, 0.64, 0.62, 0.65, 0.55, 0.66	0.58, 0.67, 0.55, 0.64, 0.62, 0.66, 0.55, 0.65	0.72	0.61	276.92	0.12, 0.04, 0.09, 0.03, 0.06, 0.02, 0.07, 0.04	0.06	0.38	0.9	1.95	0.85	NA	NA	2.58e-89	64.65	19
pam_spearman_12	pam	spearman	dip_test	12	47	0.01	4.68e-01	NA	NA	117, 230, 270, 131, 128, 49, 77, 108, 82, 92, 89, 64	0	0.8, 0.9, 0.75, 0.79, 0.81, 0.86, 0.82, 0.8, 0.95, 0.83, 0.87, 0.86	0.57, 0.63, 0.52, 0.6, 0.61, 0.66, 0.58, 0.53, 0.72, 0.61, 0.63, 0.67	0.57, 0.63, 0.53, 0.61, 0.61, 0.66, 0.58, 0.53, 0.72, 0.61, 0.63, 0.67	0.72	0.6	260.44	0.12, 0.04, 0.09, 0.04, 0.04, 0.04, 0.08, 0.08, -0.02, 0.06, 0.06, 0.02	0.05	0.38	0.81	2.36	0.83	NA	NA	2.19e-79	64.51	20
pam_pearson_12	pam	pearson	dip_test	12	47	0.01	4.68e-01	NA	NA	126, 94, 104, 287, 130, 126, 46, 78, 79, 217, 90, 60	0	0.83, 0.81, 0.8, 0.75, 0.82, 0.83, 0.86, 0.8, 0.95, 0.89, 0.86, 0.9	0.58, 0.61, 0.53, 0.53, 0.61, 0.61, 0.66, 0.58, 0.72, 0.63, 0.63, 0.68	0.58, 0.62, 0.53, 0.53, 0.61, 0.61, 0.67, 0.58, 0.72, 0.63, 0.63, 0.67	0.72	0.6	260.52	0.1, 0.06, 0.09, 0.1, 0.04, 0.04, 0.04, 0.08, -0.02, 0.05, 0.06, 0.01	0.05	0.38	0.82	2.35	0.83	NA	NA	6.72e-86	64.5	21
pam_canberra_16	pam	canberra	dip_test	16	47	0.01	6.99e-01	NA	NA	153, 88, 115, 213, 82, 105, 33, 90, 111, 49, 46, 47, 88, 73, 77, 67	0	0.85, 0.8, 0.8, 0.81, 0.8, 0.78, 0.86, 0.81, 0.76, 0.88, 0.92, 0.79, 0.91, 0.87, 0.8, 0.8	0.61, 0.6, 0.53, 0.52, 0.6, 0.61, 0.64, 0.56, 0.57, 0.64, 0.69, 0.57, 0.65, 0.66, 0.58, 0.62	0.61, 0.61, 0.53, 0.52, 0.61, 0.61, 0.64, 0.56, 0.58, 0.63, 0.69, 0.57, 0.65, 0.67, 0.58, 0.62	0.72	0.59	252.23	0.07, 0.07, 0.08, 0.08, 0.02, 0.01, 0.06, 0.02, 0.07, 0.03, 0.04, 0.06, 0, 0.01, 0.07, 0.08	0.05	0.39	0.83	2.67	0.82	NA	NA	1.91e-62	64.48	22
pam_spearman_3	pam	spearman	dip_test	3	50	0.3	0e+00	NA	NA	233, 484, 720	0	0.91, 0.96, 0.95	0.65, 0.68, 0.63	0.66, 0.69, 0.63	0.74	0.65	311.09	0.09, 0.07, 0.12	0.09	0.4	1.05	1.01	0.88	NA	NA	1.68e-54	64.37	23
pam_canberra_8	pam	canberra	dip_test	8	47	0.02	3.66e-02	NA	NA	158, 98, 132, 295, 218, 194, 263, 79	0	0.87, 0.86, 0.82, 0.81, 0.92, 0.86, 0.96, 0.92	0.61, 0.62, 0.55, 0.55, 0.64, 0.62, 0.69, 0.65	0.62, 0.63, 0.55, 0.55, 0.64, 0.62, 0.69, 0.65	0.72	0.62	277.6	0.07, 0.06, 0.08, 0.08, 0.01, 0.05, 0.01, 0.05	0.05	0.38	0.87	2	0.85	NA	NA	3.28e-46	64.29	24
pam_spearman_15	pam	spearman	dip_test	15	47	0.01	6.99e-01	NA	NA	123, 108, 254, 104, 108, 48, 53, 90, 151, 60, 82, 98, 26, 61, 71	0	0.84, 0.8, 0.75, 0.77, 0.81, 0.86, 0.92, 0.81, 0.78, 0.88, 0.87, 0.91, 0.8, 0.85, 0.76	0.58, 0.53, 0.52, 0.59, 0.61, 0.66, 0.69, 0.6, 0.58, 0.62, 0.62, 0.65, 0.65, 0.66, 0.57	0.58, 0.53, 0.52, 0.6, 0.61, 0.66, 0.69, 0.61, 0.59, 0.62, 0.62, 0.65, 0.65, 0.67, 0.57	0.72	0.59	253.4	0.09, 0.08, 0.1, 0.03, 0.01, 0.03, 0.03, 0.07, 0.06, 0.03, 0.07, 0.03, -0.01, 0.02, 0.09	0.05	0.39	0.84	2.58	0.82	NA	NA	1.24e-83	64.28	25
pam_canberra_15	pam	canberra	dip_test	15	47	0.01	6.99e-01	NA	NA	152, 88, 126, 201, 83, 139, 33, 85, 133, 42, 56, 85, 69, 77, 68	0	0.85, 0.8, 0.8, 0.81, 0.8, 0.86, 0.86, 0.81, 0.78, 0.77, 0.95, 0.89, 0.87, 0.8, 0.8	0.61, 0.6, 0.54, 0.51, 0.6, 0.61, 0.64, 0.56, 0.59, 0.59, 0.71, 0.65, 0.67, 0.58, 0.62	0.61, 0.61, 0.54, 0.51, 0.61, 0.61, 0.64, 0.56, 0.59, 0.59, 0.72, 0.64, 0.68, 0.58, 0.62	0.72	0.59	253.97	0.07, 0.07, 0.06, 0.09, 0.01, 0.01, 0.06, 0.01, 0.06, 0.06, 0.01, 0.02, 0.01, 0.07, 0.08	0.05	0.38	0.8	2.61	0.82	NA	NA	1.83e-56	64.15	26
pam_pearson_8	pam	pearson	dip_test	8	44	0.03	7.14e-05	NA	NA	123, 105, 110, 328, 183, 366, 114, 108	0	0.86, 0.87, 0.84, 0.87, 0.92, 0.92, 0.92, 0.93	0.59, 0.64, 0.55, 0.55, 0.65, 0.66, 0.63, 0.66	0.58, 0.64, 0.54, 0.55, 0.65, 0.66, 0.63, 0.65	0.72	0.61	276.7	0.12, 0.04, 0.1, 0.08, 0.02, 0.05, 0.05, 0.03	0.06	0.38	0.92	1.94	0.85	NA	NA	7.15e-92	63.94	27
pam_manhattan_14	pam	manhattan	dip_test	14	47	0.01	3.67e-01	NA	NA	55, 80, 190, 179, 125, 79, 117, 283, 65, 46, 82, 70, 38, 28	0	0.82, 0.78, 0.78, 0.73, 0.85, 0.76, 0.78, 1, 0.7, 0.74, 0.79, 0.76, 0.82, 0.72	0.61, 0.55, 0.6, 0.5, 0.6, 0.6, 0.56, 0.76, 0.48, 0.54, 0.59, 0.59, 0.6, 0.49	0.6, 0.54, 0.6, 0.5, 0.6, 0.6, 0.57, 0.76, 0.48, 0.53, 0.6, 0.6, 0.6, 0.48	0.71	0.6	266.85	0.01, 0.11, 0.04, 0.08, 0.03, 0.03, -0.03, -0.09, 0.14, 0.09, 0.06, 0.07, 0.02, 0.13	0.05	0.35	0.73	2.44	0.84	NA	NA	8.09e-129	63.89	28
pam_canberra_9	pam	canberra	dip_test	9	46	0.02	7.83e-02	NA	NA	158, 96, 131, 269, 258, 121, 190, 137, 77	0	0.87, 0.86, 0.82, 0.81, 0.94, 0.8, 0.91, 0.96, 0.92	0.61, 0.62, 0.55, 0.54, 0.65, 0.6, 0.64, 0.71, 0.65	0.62, 0.62, 0.54, 0.54, 0.65, 0.6, 0.65, 0.7, 0.64	0.72	0.61	275.13	0.07, 0.06, 0.07, 0.09, -0.01, 0.06, 0, 0, 0.05	0.04	0.38	0.84	2.12	0.85	NA	NA	1.2e-44	63.86	29
pam_euclidean_10	pam	euclidean	dip_test	10	46	0.02	5.41e-02	NA	NA	154, 163, 223, 139, 195, 115, 74, 207, 80, 87	0	0.83, 0.78, 0.76, 0.87, 0.91, 0.81, 0.8, 1, 0.81, 0.84	0.6, 0.58, 0.53, 0.62, 0.67, 0.57, 0.57, 0.77, 0.51, 0.6	0.6, 0.58, 0.53, 0.62, 0.67, 0.58, 0.57, 0.78, 0.51, 0.61	0.72	0.61	277.06	0.09, 0.08, 0.06, 0.03, -0.04, -0.01, 0.08, -0.07, 0.13, 0.07	0.04	0.35	0.74	2.24	0.86	NA	NA	9.01e-35	63.68	30
pam_minkowski_10	pam	minkowski	dip_test	10	46	0.02	5.41e-02	NA	NA	154, 163, 223, 139, 195, 115, 74, 207, 80, 87	0	0.83, 0.78, 0.76, 0.87, 0.91, 0.81, 0.8, 1, 0.81, 0.84	0.6, 0.58, 0.53, 0.62, 0.67, 0.57, 0.57, 0.77, 0.51, 0.6	0.6, 0.58, 0.53, 0.62, 0.67, 0.58, 0.57, 0.78, 0.51, 0.61	0.72	0.61	277.06	0.09, 0.08, 0.06, 0.03, -0.04, -0.01, 0.08, -0.07, 0.13, 0.07	0.04	0.35	0.74	2.24	0.86	NA	NA	9.01e-35	63.68	30
pam_euclidean_8	pam	euclidean	dip_test	8	47	0.02	7.87e-04	NA	NA	152, 287, 276, 161, 79, 300, 84, 98	0	0.83, 0.87, 0.76, 0.87, 0.8, 1, 0.81, 0.84	0.6, 0.63, 0.53, 0.62, 0.58, 0.75, 0.52, 0.62	0.6, 0.63, 0.53, 0.62, 0.58, 0.75, 0.51, 0.62	0.72	0.62	283.02	0.1, 0.03, 0.09, 0.02, 0.08, -0.06, 0.12, 0.05	0.05	0.36	0.78	1.96	0.86	NA	NA	5.12e-71	63.65	32
pam_minkowski_8	pam	minkowski	dip_test	8	47	0.02	7.87e-04	NA	NA	152, 287, 276, 161, 79, 300, 84, 98	0	0.83, 0.87, 0.76, 0.87, 0.8, 1, 0.81, 0.84	0.6, 0.63, 0.53, 0.62, 0.58, 0.75, 0.52, 0.62	0.6, 0.63, 0.53, 0.62, 0.58, 0.75, 0.51, 0.62	0.72	0.62	283.02	0.1, 0.03, 0.09, 0.02, 0.08, -0.06, 0.12, 0.05	0.05	0.36	0.78	1.96	0.86	NA	NA	5.12e-71	63.65	32
pam_binary_10	pam	binary	dip_test	10	46	0.01	2.11e-01	NA	NA	155, 92, 142, 245, 243, 160, 132, 72, 127, 69	0	0.86, 0.8, 0.82, 0.81, 0.89, 0.8, 0.8, 0.95, 0.91, 0.86	0.61, 0.61, 0.61, 0.52, 0.64, 0.61, 0.54, 0.72, 0.68, 0.63	0.61, 0.62, 0.61, 0.52, 0.64, 0.62, 0.54, 0.73, 0.68, 0.63	0.72	0.61	268.32	0.07, 0.07, 0.02, 0.1, -0.01, 0.04, 0.07, 0.01, 0, 0.07	0.04	0.37	0.81	2.22	0.84	NA	NA	2.21e-46	63.59	34
pam_manhattan_13	pam	manhattan	dip_test	13	47	0.01	3.67e-01	NA	NA	54, 80, 199, 203, 125, 79, 118, 275, 71, 82, 68, 39, 44	0	0.82, 0.78, 0.79, 0.75, 0.85, 0.76, 0.78, 1, 0.7, 0.79, 0.76, 0.82, 0.7	0.61, 0.55, 0.6, 0.52, 0.6, 0.6, 0.56, 0.76, 0.49, 0.59, 0.59, 0.6, 0.53	0.6, 0.54, 0.6, 0.52, 0.6, 0.6, 0.57, 0.76, 0.49, 0.6, 0.6, 0.61, 0.53	0.71	0.6	268.82	0.01, 0.11, 0.04, 0.06, 0.04, 0.03, -0.02, -0.09, 0.14, 0.07, 0.08, 0.01, 0.11	0.05	0.35	0.74	2.39	0.85	NA	NA	2.11e-113	63.55	35
hc_canberra_3	hc	canberra	dip_test	3	51	0.52	2.78e-11	NA	NA	1425, 2, 10	0	0.99, 0.68, 0.85	0.7, 0.68, 0.74	0.71, 0.68, 0.75	0.86	0.7	360.65	0.16, 0.19, 0.11	0.15	0.6	1.14	0.05	0.82	NA	NA	0e+00	63.36	36
pam_spearman_11	pam	spearman	dip_test	11	46	0.01	4.68e-01	NA	NA	120, 228, 271, 129, 121, 86, 96, 111, 85, 90, 100	0	0.8, 0.9, 0.75, 0.83, 0.81, 0.9, 0.92, 0.8, 0.95, 0.81, 0.87	0.58, 0.63, 0.53, 0.6, 0.61, 0.69, 0.6, 0.53, 0.72, 0.6, 0.64	0.58, 0.63, 0.53, 0.61, 0.61, 0.69, 0.6, 0.53, 0.73, 0.61, 0.64	0.72	0.6	262.83	0.12, 0.05, 0.09, 0.04, 0.04, 0, 0.06, 0.08, -0.02, 0.07, 0.05	0.05	0.38	0.81	2.31	0.83	NA	NA	5e-56	63.34	37
pam_pearson_13	pam	pearson	dip_test	13	47	0.01	5.81e-01	NA	NA	149, 103, 286, 129, 127, 46, 76, 76, 86, 217, 82, 59, 1	0	0.86, 0.8, 0.8, 0.82, 0.83, 0.86, 0.8, 0.95, 0.8, 0.89, 0.86, 0.9, NA	0.61, 0.53, 0.53, 0.61, 0.61, 0.66, 0.57, 0.71, 0.6, 0.63, 0.62, 0.68, NaN	0.61, 0.53, 0.53, 0.61, 0.61, 0.67, 0.58, 0.71, 0.61, 0.63, 0.63, 0.67, NA	0.72	0.6	260.93	0.06, 0.09, 0.09, 0.04, 0.04, 0.04, 0.08, -0.03, 0.08, 0.05, 0.07, 0.02, 0	0.05	0.38	0.83	2.35	0.83	NA	NA	8.47e-122	63.31	38
km_euclidean_10	km	euclidean	dip_test	10	47	0.01	3.67e-01	NA	NA	137, 100, 189, 216, 152, 81, 271, 130, 82, 79	0	0.84, 0.81, 0.82, 0.71, 0.88, 0.76, 0.96, 0.74, 0.8, 0.75	0.59, 0.62, 0.59, 0.5, 0.61, 0.61, 0.74, 0.53, 0.61, 0.58	0.6, 0.62, 0.6, 0.5, 0.61, 0.61, 0.74, 0.53, 0.62, 0.58	0.72	0.61	269.18	0.08, 0.05, 0.06, 0.12, 0.01, 0.01, -0.06, 0.07, 0.07, 0.08	0.05	0.37	0.77	2.22	0.84	NA	NA	3.21e-51	63.16	39
pam_canberra_3	pam	canberra	dip_test	3	50	0.38	0e+00	NA	NA	257, 749, 431	0	0.89, 0.92, 0.96	0.66, 0.63, 0.69	0.66, 0.64, 0.69	0.74	0.66	314.07	0.08, 0.11, 0.06	0.08	0.31	1.03	1.01	0.88	NA	NA	3.68e-57	63.06	40
km_euclidean_8	km	euclidean	dip_test	8	46	0.02	7.83e-02	NA	NA	118, 107, 220, 351, 234, 309, 90, 8	0	0.82, 0.83, 0.83, 0.81, 0.86, 0.96, 0.81, 0.68	0.58, 0.63, 0.6, 0.54, 0.62, 0.74, 0.61, 0.61	0.57, 0.64, 0.6, 0.54, 0.62, 0.74, 0.62, 0.62	0.72	0.62	281.43	0.13, 0.05, 0.07, 0.14, 0.02, -0.05, 0.06, 0.08	0.06	0.4	0.87	1.86	0.86	NA	NA	9.87e-113	63.01	41
pam_pearson_2	pam	pearson	dip_test	2	51	0.46	1.98e-02	NA	NA	927, 510	0	0.95, 0.96	0.66, 0.69	0.67, 0.69	0.75	0.67	327.8	0.12, 0.09	0.1	0.4	1.09	0.65	0.89	NA	NA	3.81e-28	62.91	42
pam_pearson_15	pam	pearson	dip_test	15	47	0.01	8.13e-01	NA	NA	79, 99, 205, 96, 108, 42, 73, 101, 73, 85, 217, 57, 76, 51, 75	0	0.86, 0.8, 0.72, 0.82, 0.81, 0.86, 0.78, 0.75, 0.95, 0.8, 0.91, 0.79, 0.86, 0.81, 0.8	0.63, 0.53, 0.5, 0.61, 0.61, 0.64, 0.54, 0.56, 0.71, 0.6, 0.64, 0.59, 0.61, 0.65, 0.57	0.63, 0.53, 0.5, 0.61, 0.61, 0.65, 0.54, 0.56, 0.72, 0.6, 0.64, 0.59, 0.62, 0.65, 0.58	0.72	0.59	254.84	-0.01, 0.08, 0.09, 0.02, 0.03, 0.05, 0.13, 0.01, -0.01, 0.07, 0.03, 0.04, 0.06, 0.03, 0.07	0.05	0.38	0.79	2.6	0.83	NA	NA	2.3e-70	62.88	43
pam_pearson_16	pam	pearson	dip_test	16	47	0.01	8.13e-01	NA	NA	78, 99, 206, 92, 108, 42, 73, 101, 73, 87, 124, 57, 76, 58, 76, 87	0	0.86, 0.8, 0.73, 0.8, 0.81, 0.86, 0.78, 0.75, 0.95, 0.8, 0.86, 0.79, 0.86, 0.85, 0.8, 0.88	0.63, 0.53, 0.5, 0.6, 0.61, 0.64, 0.54, 0.56, 0.71, 0.6, 0.58, 0.59, 0.61, 0.66, 0.58, 0.68	0.63, 0.53, 0.5, 0.61, 0.61, 0.65, 0.54, 0.56, 0.72, 0.61, 0.58, 0.59, 0.62, 0.66, 0.58, 0.68	0.72	0.59	252.28	-0.02, 0.08, 0.09, 0.02, 0.01, 0.05, 0.13, 0.01, -0.01, 0.07, 0.06, 0.03, 0.06, 0.02, 0.07, -0.02	0.04	0.38	0.79	2.7	0.82	NA	NA	1.34e-40	62.82	44
pam_binary_14	pam	binary	dip_test	14	47	0.01	8.13e-01	NA	NA	154, 90, 135, 244, 121, 35, 127, 42, 131, 56, 87, 71, 78, 66	0	0.86, 0.8, 0.78, 0.81, 0.83, 0.86, 0.8, 0.77, 0.8, 0.95, 0.89, 0.82, 0.8, 0.86	0.61, 0.61, 0.61, 0.52, 0.6, 0.65, 0.58, 0.59, 0.54, 0.71, 0.65, 0.66, 0.58, 0.62	0.61, 0.61, 0.61, 0.52, 0.6, 0.65, 0.59, 0.59, 0.54, 0.71, 0.65, 0.67, 0.58, 0.63	0.72	0.59	255.1	0.07, 0.07, 0.01, 0.1, 0.01, 0.05, 0.06, 0.07, 0.07, 0.01, 0.01, 0.02, 0.07, 0.08	0.05	0.37	0.82	2.52	0.82	NA	NA	1.58e-73	62.81	45
pam_euclidean_9	pam	euclidean	dip_test	9	46	0.02	2.32e-03	NA	NA	148, 186, 276, 156, 205, 79, 207, 83, 97	0	0.83, 0.86, 0.76, 0.87, 0.91, 0.8, 1, 0.81, 0.84	0.6, 0.6, 0.53, 0.62, 0.67, 0.58, 0.77, 0.51, 0.61	0.6, 0.59, 0.53, 0.62, 0.68, 0.58, 0.78, 0.51, 0.62	0.72	0.62	280.57	0.1, 0.05, 0.09, 0.02, -0.03, 0.07, -0.07, 0.12, 0.05	0.04	0.36	0.76	2.12	0.86	NA	NA	5.95e-43	62.8	46
pam_minkowski_9	pam	minkowski	dip_test	9	46	0.02	2.32e-03	NA	NA	148, 186, 276, 156, 205, 79, 207, 83, 97	0	0.83, 0.86, 0.76, 0.87, 0.91, 0.8, 1, 0.81, 0.84	0.6, 0.6, 0.53, 0.62, 0.67, 0.58, 0.77, 0.51, 0.61	0.6, 0.59, 0.53, 0.62, 0.68, 0.58, 0.78, 0.51, 0.62	0.72	0.62	280.57	0.1, 0.05, 0.09, 0.02, -0.03, 0.07, -0.07, 0.12, 0.05	0.04	0.36	0.76	2.12	0.86	NA	NA	5.95e-43	62.8	46
pam_spearman_16	pam	spearman	dip_test	16	47	0.01	9.06e-01	NA	NA	71, 100, 225, 96, 91, 47, 77, 93, 54, 169, 63, 82, 98, 61, 71, 39	0	0.86, 0.83, 0.75, 0.8, 0.81, 0.86, 0.76, 0.8, 0.92, 0.8, 0.88, 0.87, 0.91, 0.85, 0.74, 0.74	0.63, 0.53, 0.5, 0.59, 0.61, 0.65, 0.54, 0.61, 0.69, 0.59, 0.62, 0.62, 0.65, 0.66, 0.57, 0.54	0.63, 0.52, 0.5, 0.59, 0.61, 0.66, 0.54, 0.61, 0.69, 0.59, 0.61, 0.62, 0.65, 0.67, 0.57, 0.54	0.72	0.59	250.43	-0.01, 0.08, 0.12, 0.03, 0.02, 0.03, 0.14, 0.06, 0.02, 0.05, 0.02, 0.05, 0.03, 0.02, 0.08, 0.07	0.05	0.39	0.83	2.67	0.82	NA	NA	6.29e-69	62.74	48
pam_manhattan_8	pam	manhattan	dip_test	8	47	0.02	7.83e-02	NA	NA	145, 275, 270, 176, 329, 78, 99, 65	0	0.83, 0.87, 0.76, 0.87, 1, 0.74, 0.84, 0.8	0.59, 0.62, 0.53, 0.62, 0.75, 0.51, 0.62, 0.56	0.59, 0.63, 0.53, 0.63, 0.75, 0.5, 0.63, 0.56	0.72	0.62	284.07	0.11, 0.03, 0.09, 0.01, -0.06, 0.13, 0.04, 0.09	0.05	0.33	0.78	1.94	0.86	NA	NA	4.83e-81	62.62	49
pam_manhattan_10	pam	manhattan	dip_test	10	43	0.01	1.58e-02	NA	NA	115, 221, 206, 154, 306, 135, 73, 85, 77, 65	0	0.83, 0.82, 0.75, 0.87, 1, 0.81, 0.74, 0.84, 0.79, 0.8	0.57, 0.6, 0.52, 0.62, 0.75, 0.57, 0.5, 0.6, 0.6, 0.57	0.57, 0.6, 0.52, 0.62, 0.75, 0.58, 0.5, 0.6, 0.61, 0.57	0.72	0.61	274.94	0.11, 0.07, 0.07, 0.02, -0.07, -0.02, 0.14, 0.07, 0.07, 0.09	0.05	0.33	0.76	2.17	0.85	NA	NA	8e-79	62.48	50
pam_manhattan_9	pam	manhattan	dip_test	9	43	0.02	1.11e-01	NA	NA	115, 221, 335, 154, 309, 73, 85, 77, 68	0	0.83, 0.82, 0.83, 0.87, 1, 0.74, 0.84, 0.79, 0.8	0.57, 0.6, 0.55, 0.62, 0.75, 0.5, 0.6, 0.6, 0.57	0.57, 0.6, 0.55, 0.62, 0.75, 0.5, 0.6, 0.61, 0.57	0.72	0.61	276.77	0.11, 0.08, 0.06, 0.02, -0.07, 0.15, 0.07, 0.07, 0.09	0.07	0.33	0.79	2.02	0.85	NA	NA	1.01e-112	62.32	51
pam_binary_2	pam	binary	dip_test	2	51	0.44	1.98e-02	NA	NA	967, 470	0	0.93, 0.96	0.66, 0.7	0.67, 0.7	0.75	0.67	330.76	0.12, 0.07	0.1	0.39	1.08	0.63	0.89	NA	NA	2.86e-39	62.18	52
pam_pearson_17	pam	pearson	dip_test	17	47	0.01	9.67e-01	NA	NA	84, 86, 272, 73, 103, 42, 73, 62, 46, 87, 126, 60, 76, 52, 71, 89, 35	0	0.86, 0.8, 0.77, 0.88, 0.81, 0.86, 0.78, 0.8, 0.9, 0.8, 0.86, 0.79, 0.86, 0.81, 0.75, 0.88, 0.74	0.63, 0.52, 0.52, 0.63, 0.61, 0.64, 0.54, 0.59, 0.69, 0.6, 0.58, 0.59, 0.61, 0.65, 0.57, 0.68, 0.52	0.63, 0.52, 0.52, 0.63, 0.6, 0.65, 0.54, 0.6, 0.68, 0.61, 0.59, 0.59, 0.62, 0.66, 0.58, 0.68, 0.52	0.72	0.59	250.47	-0.02, 0.1, 0.1, 0.02, 0.02, 0.05, 0.14, 0.05, 0.03, 0.07, 0.06, 0.03, 0.06, 0.03, 0.08, -0.02, 0.1	0.05	0.4	0.86	2.69	0.82	NA	NA	1.02e-104	62.16	53
pam_spearman_14	pam	spearman	dip_test	14	47	0.01	9.06e-01	NA	NA	121, 153, 258, 103, 109, 48, 95, 111, 55, 62, 89, 98, 62, 73	0	0.84, 0.78, 0.75, 0.8, 0.81, 0.86, 0.83, 0.8, 0.92, 0.88, 0.87, 0.91, 0.85, 0.82	0.58, 0.59, 0.52, 0.59, 0.61, 0.66, 0.61, 0.53, 0.69, 0.62, 0.63, 0.65, 0.66, 0.57	0.58, 0.59, 0.53, 0.6, 0.61, 0.66, 0.62, 0.53, 0.69, 0.61, 0.63, 0.65, 0.67, 0.57	0.72	0.59	254.39	0.11, 0.06, 0.1, 0.03, 0.01, 0.03, 0.06, 0.08, 0.02, 0.03, 0.06, 0.03, 0.02, 0.08	0.05	0.39	0.84	2.53	0.82	NA	NA	1.12e-68	62.07	54
pam_spearman_17	pam	spearman	dip_test	17	47	0	1e+00	NA	NA	73, 98, 223, 95, 91, 45, 77, 93, 52, 140, 57, 48, 82, 98, 61, 69, 35	0	0.86, 0.83, 0.75, 0.8, 0.81, 0.86, 0.76, 0.8, 0.92, 0.84, 0.85, 0.77, 0.87, 0.91, 0.85, 0.74, 0.74	0.63, 0.53, 0.5, 0.59, 0.61, 0.65, 0.54, 0.61, 0.69, 0.59, 0.61, 0.58, 0.62, 0.65, 0.66, 0.57, 0.52	0.63, 0.52, 0.5, 0.59, 0.61, 0.65, 0.54, 0.61, 0.69, 0.59, 0.61, 0.58, 0.62, 0.65, 0.67, 0.57, 0.51	0.72	0.59	248.68	-0.01, 0.08, 0.12, 0.03, 0.02, 0.04, 0.14, 0.06, 0.02, 0.05, 0.03, 0.03, 0.05, 0.02, 0.02, 0.08, 0.1	0.05	0.39	0.84	2.73	0.82	NA	NA	3.44e-68	62.01	55
pam_binary_9	pam	binary	dip_test	9	46	0.02	3.67e-01	NA	NA	156, 98, 151, 259, 206, 294, 133, 67, 73	0	0.87, 0.85, 0.82, 0.81, 0.86, 0.92, 0.8, 0.94, 0.92	0.61, 0.62, 0.62, 0.53, 0.62, 0.66, 0.54, 0.71, 0.65	0.61, 0.63, 0.62, 0.53, 0.63, 0.67, 0.54, 0.72, 0.65	0.72	0.61	272.58	0.07, 0.06, 0.04, 0.09, 0.01, 0.03, 0.07, 0, 0.05	0.05	0.38	0.83	2.09	0.85	NA	NA	6.31e-64	61.94	56
hc_pearson_3	hc	pearson	dip_test	3	48	0.56	7.14e-05	NA	NA	1426, 2, 9	0	0.99, 0.68, 0.85	0.7, 0.68, 0.73	0.71, 0.68, 0.74	0.86	0.7	360.81	0.16, 0.19, 0.12	0.16	0.6	1.14	0.05	0.82	NA	NA	0e+00	61.93	57
pam_manhattan_7	pam	manhattan	dip_test	7	47	0.03	1.58e-02	NA	NA	144, 270, 294, 214, 333, 79, 103	0	0.83, 0.85, 0.76, 0.87, 1, 0.75, 0.86	0.59, 0.62, 0.54, 0.63, 0.75, 0.51, 0.62	0.59, 0.62, 0.54, 0.63, 0.75, 0.51, 0.63	0.72	0.63	288.11	0.11, 0.05, 0.08, 0.01, -0.06, 0.13, 0.03	0.05	0.36	0.79	1.84	0.87	NA	NA	1.04e-58	61.91	58
km_euclidean_12	km	euclidean	dip_test	12	46	0.01	5.81e-01	NA	NA	109, 97, 220, 203, 128, 80, 90, 122, 47, 190, 75, 76	0	0.79, 0.81, 0.83, 0.66, 0.81, 0.76, 0.89, 0.73, 0.79, 0.96, 0.78, 0.77	0.56, 0.61, 0.61, 0.49, 0.59, 0.61, 0.69, 0.52, 0.62, 0.72, 0.6, 0.57	0.56, 0.62, 0.61, 0.49, 0.6, 0.61, 0.7, 0.52, 0.62, 0.72, 0.61, 0.57	0.72	0.6	262.11	0.13, 0.05, 0.04, 0.13, 0.03, 0.01, -0.05, 0.07, -0.01, -0.03, 0.08, 0.08	0.04	0.37	0.78	2.39	0.83	NA	NA	6.4e-55	61.82	59
pam_spearman_13	pam	spearman	dip_test	13	47	0.01	9.06e-01	NA	NA	123, 138, 261, 157, 124, 48, 79, 95, 109, 54, 89, 98, 62	0	0.83, 0.79, 0.75, 0.91, 0.81, 0.86, 0.82, 0.83, 0.8, 0.91, 0.87, 0.91, 0.85	0.58, 0.59, 0.52, 0.63, 0.61, 0.66, 0.58, 0.61, 0.53, 0.69, 0.63, 0.65, 0.66	0.58, 0.59, 0.52, 0.62, 0.61, 0.66, 0.58, 0.62, 0.53, 0.69, 0.63, 0.65, 0.67	0.72	0.59	256.43	0.11, 0.06, 0.1, 0.02, 0.01, 0.04, 0.08, 0.06, 0.08, 0.03, 0.06, 0.02, 0.02	0.05	0.39	0.84	2.46	0.83	NA	NA	9.22e-65	61.72	60
pam_canberra_7	pam	canberra	dip_test	7	44	0.04	4.45e-04	NA	NA	200, 103, 139, 308, 218, 212, 257	0	0.88, 0.88, 0.85, 0.85, 0.92, 0.94, 0.96	0.63, 0.63, 0.56, 0.56, 0.64, 0.64, 0.7	0.63, 0.64, 0.56, 0.56, 0.63, 0.64, 0.7	0.72	0.62	282.58	0.07, 0.05, 0.07, 0.08, 0.02, 0.05, 0.01	0.05	0.38	0.87	1.9	0.86	NA	NA	2.74e-27	61.7	61
km_euclidean_2	km	euclidean	dip_test	2	51	0.48	1.98e-02	NA	NA	889, 548	0	0.93, 1	0.65, 0.72	0.66, 0.72	0.75	0.67	332.73	0.13, 0.04	0.09	0.37	1.04	0.66	0.9	NA	NA	2.35e-19	61.68	62
km_euclidean_16	km	euclidean	dip_test	16	47	0	9.06e-01	NA	NA	107, 96, 150, 163, 145, 78, 77, 81, 98, 60, 195, 66, 73, 15, 27, 6	0	0.79, 0.81, 0.76, 0.63, 0.81, 0.76, 0.76, 0.88, 0.69, 0.81, 0.96, 0.76, 0.74, 0.68, 0.61, 0.6	0.56, 0.61, 0.57, 0.46, 0.59, 0.6, 0.63, 0.7, 0.5, 0.61, 0.72, 0.59, 0.57, 0.58, 0.48, 0.56	0.56, 0.62, 0.57, 0.46, 0.59, 0.61, 0.64, 0.7, 0.5, 0.61, 0.71, 0.59, 0.57, 0.58, 0.48, 0.56	0.72	0.59	254.82	0.11, 0.04, 0.08, 0.15, 0.02, -0.01, 0.02, -0.05, 0.07, -0.03, -0.05, 0.05, 0.08, -0.04, 0.14, 0.09	0.04	0.37	0.76	2.59	0.82	NA	NA	1.5e-90	61.34	63
pam_binary_3	pam	binary	dip_test	3	47	0.37	0e+00	NA	NA	257, 739, 441	0	0.9, 0.92, 0.96	0.66, 0.63, 0.7	0.67, 0.63, 0.7	0.74	0.66	313.73	0.07, 0.11, 0.06	0.08	0.39	1.03	1.01	0.88	NA	NA	2.28e-54	60.97	64
km_euclidean_15	km	euclidean	dip_test	15	47	0.01	9.94e-01	NA	NA	106, 98, 150, 175, 132, 81, 81, 91, 101, 69, 183, 67, 68, 28, 7	0	0.79, 0.81, 0.76, 0.66, 0.81, 0.76, 0.76, 0.89, 0.7, 0.83, 0.96, 0.76, 0.73, 0.68, 0.76	0.56, 0.61, 0.57, 0.47, 0.59, 0.61, 0.63, 0.7, 0.5, 0.61, 0.72, 0.59, 0.56, 0.49, 0.62	0.56, 0.62, 0.57, 0.47, 0.59, 0.62, 0.63, 0.7, 0.5, 0.61, 0.71, 0.6, 0.56, 0.48, 0.62	0.72	0.59	255.48	0.13, 0.04, 0.09, 0.14, 0.02, -0.01, 0, -0.05, 0.08, -0.03, -0.05, 0.09, 0.09, 0.14, 0.04	0.05	0.37	0.77	2.57	0.83	NA	NA	4.23e-66	60.95	65
pam_manhattan_6	pam	manhattan	dip_test	6	47	0.03	5.41e-02	NA	NA	149, 279, 357, 214, 335, 103	0	0.83, 0.85, 0.79, 0.87, 1, 0.86	0.59, 0.62, 0.55, 0.63, 0.75, 0.62	0.59, 0.62, 0.55, 0.63, 0.75, 0.63	0.72	0.63	293.18	0.12, 0.05, 0.14, 0.02, -0.05, 0.04	0.05	0.36	0.87	1.71	0.87	NA	NA	6.69e-45	60.66	66
pam_pearson_7	pam	pearson	dip_test	7	43	0.03	7.83e-02	NA	NA	200, 108, 330, 192, 390, 115, 102	0	0.95, 0.81, 0.92, 0.93, 0.95, 0.92, 0.87	0.64, 0.54, 0.56, 0.65, 0.67, 0.63, 0.64	0.64, 0.54, 0.56, 0.65, 0.67, 0.63, 0.64	0.72	0.62	282.1	0.08, 0.1, 0.08, 0.02, 0.05, 0.05, 0.05	0.06	0.38	0.91	1.82	0.86	NA	NA	3.85e-79	60.65	67
pam_spearman_9	pam	spearman	dip_test	9	46	0.02	5.81e-01	NA	NA	120, 375, 297, 142, 104, 95, 110, 86, 108	0	0.8, 0.91, 0.78, 0.84, 0.92, 0.85, 0.81, 0.95, 0.87	0.58, 0.66, 0.54, 0.62, 0.61, 0.61, 0.54, 0.72, 0.64	0.58, 0.66, 0.54, 0.62, 0.61, 0.62, 0.53, 0.73, 0.64	0.72	0.61	271.5	0.12, 0.05, 0.08, 0.04, 0.06, 0.06, 0.09, -0.02, 0.05	0.06	0.38	0.82	2.04	0.84	NA	NA	9.09e-110	60.51	68
km_euclidean_17	km	euclidean	dip_test	17	47	0	1e+00	NA	NA	69, 101, 149, 158, 127, 85, 99, 33, 82, 96, 61, 182, 64, 39, 59, 25, 8	0	0.75, 0.81, 0.76, 0.63, 0.81, 0.76, 0.81, 0.76, 0.88, 0.69, 0.81, 0.96, 0.73, 0.72, 0.7, 0.59, 0.63	0.52, 0.62, 0.57, 0.46, 0.59, 0.61, 0.65, 0.54, 0.7, 0.5, 0.61, 0.72, 0.58, 0.57, 0.54, 0.47, 0.55	0.52, 0.62, 0.57, 0.46, 0.59, 0.62, 0.65, 0.54, 0.7, 0.5, 0.6, 0.71, 0.59, 0.57, 0.54, 0.47, 0.55	0.71	0.59	252.92	0.12, 0.03, 0.09, 0.13, 0.01, -0.01, 0, 0, -0.06, 0.07, -0.04, -0.04, 0.09, 0.04, 0.1, 0.16, 0	0.04	0.37	0.75	2.67	0.82	NA	NA	2.91e-84	60.3	69
km_euclidean_13	km	euclidean	dip_test	13	47	0.01	9.67e-01	NA	NA	109, 97, 147, 198, 130, 82, 68, 95, 126, 48, 184, 77, 76	0	0.79, 0.81, 0.76, 0.66, 0.81, 0.79, 0.77, 0.88, 0.74, 0.83, 0.96, 0.78, 0.76	0.56, 0.61, 0.57, 0.49, 0.59, 0.61, 0.62, 0.69, 0.53, 0.63, 0.72, 0.61, 0.57	0.56, 0.62, 0.57, 0.49, 0.59, 0.61, 0.63, 0.7, 0.53, 0.62, 0.71, 0.61, 0.57	0.72	0.59	258.02	0.13, 0.05, 0.09, 0.13, 0.03, 0, 0.03, -0.05, 0.06, -0.01, -0.05, 0.07, 0.08	0.04	0.37	0.78	2.49	0.83	NA	NA	2.89e-40	60.29	70
pam_manhattan_15	pam	manhattan	dip_test	15	47	0.01	6.99e-01	NA	NA	55, 80, 178, 173, 119, 149, 116, 227, 65, 16, 82, 69, 38, 42, 28	0	0.82, 0.78, 0.79, 0.73, 0.85, 0.89, 0.78, 1, 0.7, 0.66, 0.79, 0.76, 0.82, 0.7, 0.72	0.61, 0.55, 0.59, 0.5, 0.6, 0.65, 0.56, 0.77, 0.48, 0.53, 0.59, 0.59, 0.6, 0.52, 0.49	0.6, 0.54, 0.59, 0.5, 0.6, 0.65, 0.57, 0.78, 0.48, 0.52, 0.6, 0.6, 0.6, 0.52, 0.48	0.71	0.6	266.06	0.01, 0.11, 0.04, 0.07, -0.02, -0.01, -0.04, -0.09, 0.14, 0.06, 0.06, 0.08, 0, 0.1, 0.13	0.04	0.35	0.71	2.51	0.84	NA	NA	8.84e-113	60.24	71
hc_binary_3	hc	binary	dip_test	3	49	0.44	2.27e-06	NA	NA	1427, 3, 7	0	0.99, 0.82, 0.84	0.7, 0.73, 0.74	0.71, 0.7, 0.76	0.86	0.7	361.04	0.16, 0.12, 0.12	0.13	0.6	1.14	0.05	0.82	NA	NA	0e+00	60	72
pam_spearman_5	pam	spearman	dip_test	5	43	0.06	1.07e-06	NA	NA	209, 445, 439, 217, 127	0	0.91, 0.96, 0.86, 0.93, 0.9	0.64, 0.68, 0.57, 0.65, 0.66	0.64, 0.68, 0.57, 0.65, 0.67	0.73	0.63	293.34	0.08, 0.05, 0.14, 0.03, 0.03	0.07	0.37	0.99	1.51	0.87	NA	NA	1.63e-62	59.87	73
hc_spearman_3	hc	spearman	dip_test	3	49	0.45	1e-07	NA	NA	1421, 13, 3	0	0.99, 0.94, 0.83	0.7, 0.78, 0.78	0.71, 0.79, 0.8	0.86	0.7	360.29	0.17, 0.09, 0.1	0.12	0.6	1.1	0.07	0.82	NA	NA	0e+00	59.73	74
pam_manhattan_12	pam	manhattan	dip_test	12	47	0.01	5.81e-01	NA	NA	113, 196, 197, 129, 79, 131, 278, 71, 84, 73, 63, 23	0	0.78, 0.79, 0.75, 0.85, 0.76, 0.81, 1, 0.7, 0.84, 0.79, 0.74, 0.82	0.57, 0.6, 0.51, 0.6, 0.6, 0.57, 0.76, 0.49, 0.6, 0.6, 0.56, 0.63	0.57, 0.6, 0.51, 0.61, 0.6, 0.58, 0.76, 0.49, 0.6, 0.6, 0.56, 0.64	0.71	0.61	271.03	0.11, 0.04, 0.07, 0.04, 0.03, -0.03, -0.08, 0.14, 0.07, 0.08, 0.07, -0.02	0.04	0.33	0.74	2.33	0.85	NA	NA	2.15e-95	59.68	75
pam_canberra_6	pam	canberra	dip_test	6	43	0.05	1.34e-04	NA	NA	214, 102, 140, 333, 230, 418	0	0.88, 0.86, 0.88, 0.85, 0.93, 0.96	0.64, 0.63, 0.56, 0.57, 0.64, 0.69	0.64, 0.64, 0.56, 0.57, 0.64, 0.69	0.72	0.63	289.55	0.08, 0.06, 0.08, 0.07, 0.02, 0.03	0.06	0.38	0.89	1.69	0.87	NA	NA	3.35e-61	59.52	76
pam_manhattan_16	pam	manhattan	dip_test	16	47	0.01	8.13e-01	NA	NA	55, 80, 129, 135, 116, 66, 142, 59, 227, 107, 65, 81, 67, 38, 42, 28	0	0.82, 0.78, 0.8, 0.7, 0.85, 0.75, 0.89, 0.68, 1, 0.78, 0.7, 0.79, 0.75, 0.82, 0.7, 0.72	0.61, 0.55, 0.58, 0.48, 0.6, 0.59, 0.65, 0.53, 0.77, 0.56, 0.48, 0.59, 0.59, 0.6, 0.52, 0.49	0.6, 0.54, 0.58, 0.48, 0.61, 0.6, 0.65, 0.53, 0.78, 0.56, 0.48, 0.6, 0.59, 0.6, 0.52, 0.48	0.71	0.6	263.75	0.01, 0.11, 0.04, 0.08, 0, 0.02, -0.03, 0.02, -0.09, -0.04, 0.13, 0.06, 0.08, 0.01, 0.1, 0.12	0.04	0.35	0.7	2.63	0.84	NA	NA	6.23e-83	59.51	77
pam_binary_8	pam	binary	dip_test	8	44	0.02	2.11e-01	NA	NA	186, 99, 160, 266, 223, 224, 133, 146	0	0.88, 0.85, 0.82, 0.81, 0.9, 0.95, 0.8, 0.96	0.62, 0.62, 0.62, 0.54, 0.63, 0.67, 0.54, 0.71	0.63, 0.63, 0.63, 0.54, 0.63, 0.67, 0.54, 0.71	0.72	0.62	279.2	0.07, 0.06, 0.04, 0.09, 0.01, -0.01, 0.07, 0.01	0.04	0.37	0.83	2.04	0.86	NA	NA	7.93e-23	59.48	78
pam_euclidean_17	pam	euclidean	dip_test	17	47	0	9.67e-01	NA	NA	64, 77, 115, 178, 107, 61, 37, 36, 66, 157, 91, 71, 81, 156, 40, 67, 33	0	0.83, 0.76, 0.76, 0.73, 0.85, 0.76, 0.76, 0.69, 0.76, 1, 0.78, 0.75, 0.79, 0.9, 0.75, 0.79, 0.73	0.62, 0.54, 0.56, 0.5, 0.61, 0.59, 0.6, 0.53, 0.56, 0.79, 0.55, 0.5, 0.59, 0.67, 0.56, 0.59, 0.52	0.62, 0.54, 0.57, 0.5, 0.62, 0.6, 0.6, 0.53, 0.56, 0.79, 0.55, 0.49, 0.6, 0.67, 0.56, 0.6, 0.5	0.71	0.59	259.54	-0.01, 0.13, 0.06, 0.07, -0.03, 0.01, 0.05, 0.08, 0.06, -0.09, -0.01, 0.12, 0.07, -0.05, 0.05, 0.08, 0.09	0.04	0.35	0.69	2.71	0.83	NA	NA	6.1e-70	59.43	79
pam_minkowski_17	pam	minkowski	dip_test	17	47	0	9.67e-01	NA	NA	64, 77, 115, 178, 107, 61, 37, 36, 66, 157, 91, 71, 81, 156, 40, 67, 33	0	0.83, 0.76, 0.76, 0.73, 0.85, 0.76, 0.76, 0.69, 0.76, 1, 0.78, 0.75, 0.79, 0.9, 0.75, 0.79, 0.73	0.62, 0.54, 0.56, 0.5, 0.61, 0.59, 0.6, 0.53, 0.56, 0.79, 0.55, 0.5, 0.59, 0.67, 0.56, 0.59, 0.52	0.62, 0.54, 0.57, 0.5, 0.62, 0.6, 0.6, 0.53, 0.56, 0.79, 0.55, 0.49, 0.6, 0.67, 0.56, 0.6, 0.5	0.71	0.59	259.54	-0.01, 0.13, 0.06, 0.07, -0.03, 0.01, 0.05, 0.08, 0.06, -0.09, -0.01, 0.12, 0.07, -0.05, 0.05, 0.08, 0.09	0.04	0.35	0.69	2.71	0.83	NA	NA	6.1e-70	59.43	79
km_euclidean_14	km	euclidean	dip_test	14	46	0	1e+00	NA	NA	78, 96, 144, 190, 136, 83, 79, 84, 129, 74, 182, 77, 71, 14	0	0.78, 0.81, 0.76, 0.66, 0.77, 0.76, 0.77, 0.88, 0.78, 0.83, 0.96, 0.78, 0.73, 0.69	0.53, 0.61, 0.57, 0.48, 0.59, 0.61, 0.63, 0.7, 0.53, 0.62, 0.72, 0.61, 0.56, 0.58	0.53, 0.62, 0.57, 0.48, 0.59, 0.61, 0.63, 0.7, 0.53, 0.62, 0.71, 0.61, 0.56, 0.59	0.72	0.59	257.08	0.15, 0.05, 0.09, 0.14, 0.03, 0, 0.02, -0.05, 0.05, -0.01, -0.05, 0.06, 0.09, -0.01	0.04	0.37	0.78	2.53	0.83	NA	NA	3.57e-54	59.26	81
pam_euclidean_15	pam	euclidean	dip_test	15	47	0.01	9.06e-01	NA	NA	63, 77, 206, 184, 109, 37, 45, 55, 155, 91, 71, 81, 160, 69, 34	0	0.83, 0.76, 0.83, 0.73, 0.85, 0.76, 0.75, 0.76, 1, 0.78, 0.75, 0.79, 0.9, 0.79, 0.73	0.62, 0.54, 0.59, 0.5, 0.62, 0.6, 0.55, 0.55, 0.79, 0.55, 0.5, 0.59, 0.67, 0.59, 0.52	0.62, 0.54, 0.59, 0.5, 0.62, 0.6, 0.55, 0.55, 0.79, 0.55, 0.49, 0.6, 0.67, 0.6, 0.51	0.72	0.6	263.23	-0.01, 0.13, 0.05, 0.07, -0.02, 0.05, 0.05, 0.08, -0.09, -0.01, 0.12, 0.07, -0.02, 0.07, 0.09	0.04	0.35	0.69	2.56	0.84	NA	NA	2.8e-85	59.11	82
pam_minkowski_15	pam	minkowski	dip_test	15	47	0.01	9.06e-01	NA	NA	63, 77, 206, 184, 109, 37, 45, 55, 155, 91, 71, 81, 160, 69, 34	0	0.83, 0.76, 0.83, 0.73, 0.85, 0.76, 0.75, 0.76, 1, 0.78, 0.75, 0.79, 0.9, 0.79, 0.73	0.62, 0.54, 0.59, 0.5, 0.62, 0.6, 0.55, 0.55, 0.79, 0.55, 0.5, 0.59, 0.67, 0.59, 0.52	0.62, 0.54, 0.59, 0.5, 0.62, 0.6, 0.55, 0.55, 0.79, 0.55, 0.49, 0.6, 0.67, 0.6, 0.51	0.72	0.6	263.23	-0.01, 0.13, 0.05, 0.07, -0.02, 0.05, 0.05, 0.08, -0.09, -0.01, 0.12, 0.07, -0.02, 0.07, 0.09	0.04	0.35	0.69	2.56	0.84	NA	NA	2.8e-85	59.11	82
hc_binary_2	hc	binary	dip_test	2	51	0.02	1.98e-01	NA	NA	1432, 5	0	1, 0.75	0.7, 0.68	0.71, 0.67	0.87	0.7	362.24	0.19, 0.22	0.2	0.59	1.23	0.02	0.81	NA	NA	4.1e-310	59.11	84
pam_euclidean_7	pam	euclidean	dip_test	7	43	0.03	4.71e-06	NA	NA	152, 293, 313, 193, 300, 84, 102	0	0.83, 0.87, 0.79, 0.87, 1, 0.81, 0.86	0.6, 0.63, 0.54, 0.63, 0.75, 0.52, 0.62	0.6, 0.63, 0.55, 0.63, 0.75, 0.51, 0.63	0.72	0.63	288	0.1, 0.04, 0.07, 0.01, -0.05, 0.13, 0.04	0.05	0.36	0.79	1.84	0.87	NA	NA	1.19e-56	59.04	85
pam_minkowski_7	pam	minkowski	dip_test	7	43	0.03	4.71e-06	NA	NA	152, 293, 313, 193, 300, 84, 102	0	0.83, 0.87, 0.79, 0.87, 1, 0.81, 0.86	0.6, 0.63, 0.54, 0.63, 0.75, 0.52, 0.62	0.6, 0.63, 0.55, 0.63, 0.75, 0.51, 0.63	0.72	0.63	288	0.1, 0.04, 0.07, 0.01, -0.05, 0.13, 0.04	0.05	0.36	0.79	1.84	0.87	NA	NA	1.19e-56	59.04	85
km_euclidean_7	km	euclidean	dip_test	7	43	0.03	2.43e-02	NA	NA	154, 106, 272, 337, 244, 321, 3	0	0.85, 0.83, 0.83, 0.81, 0.86, 0.96, 0.64	0.6, 0.62, 0.63, 0.54, 0.62, 0.73, 0.61	0.6, 0.63, 0.63, 0.54, 0.62, 0.74, 0.6	0.72	0.63	287.13	0.1, 0.05, 0.05, 0.12, 0.02, -0.05, 0.03	0.05	0.38	0.85	1.74	0.86	NA	NA	1.21e-91	59.01	87
pam_euclidean_6	pam	euclidean	dip_test	6	44	0.04	2.27e-06	NA	NA	156, 297, 389, 193, 300, 102	0	0.83, 0.88, 0.79, 0.87, 1, 0.86	0.6, 0.63, 0.56, 0.63, 0.75, 0.62	0.6, 0.63, 0.56, 0.63, 0.75, 0.63	0.72	0.63	293.25	0.11, 0.05, 0.13, 0.03, -0.05, 0.05	0.05	0.36	0.87	1.71	0.87	NA	NA	9.88e-50	59	88
pam_minkowski_6	pam	minkowski	dip_test	6	44	0.04	2.27e-06	NA	NA	156, 297, 389, 193, 300, 102	0	0.83, 0.88, 0.79, 0.87, 1, 0.86	0.6, 0.63, 0.56, 0.63, 0.75, 0.62	0.6, 0.63, 0.56, 0.63, 0.75, 0.63	0.72	0.63	293.25	0.11, 0.05, 0.13, 0.03, -0.05, 0.05	0.05	0.36	0.87	1.71	0.87	NA	NA	9.88e-50	59	88
pam_euclidean_11	pam	euclidean	dip_test	11	47	0.01	6.99e-01	NA	NA	119, 208, 211, 139, 127, 114, 74, 204, 80, 87, 74	0	0.79, 0.83, 0.76, 0.87, 0.87, 0.81, 0.8, 1, 0.81, 0.84, 0.79	0.58, 0.6, 0.52, 0.62, 0.66, 0.57, 0.57, 0.77, 0.51, 0.6, 0.6	0.58, 0.6, 0.52, 0.62, 0.66, 0.58, 0.57, 0.78, 0.51, 0.61, 0.6	0.72	0.61	271.62	0.11, 0.05, 0.07, 0.03, -0.01, -0.02, 0.07, -0.08, 0.12, 0.06, 0.09	0.04	0.35	0.73	2.32	0.85	NA	NA	1.92e-42	58.9	90
pam_minkowski_11	pam	minkowski	dip_test	11	47	0.01	6.99e-01	NA	NA	119, 208, 211, 139, 127, 114, 74, 204, 80, 87, 74	0	0.79, 0.83, 0.76, 0.87, 0.87, 0.81, 0.8, 1, 0.81, 0.84, 0.79	0.58, 0.6, 0.52, 0.62, 0.66, 0.57, 0.57, 0.77, 0.51, 0.6, 0.6	0.58, 0.6, 0.52, 0.62, 0.66, 0.58, 0.57, 0.78, 0.51, 0.61, 0.6	0.72	0.61	271.62	0.11, 0.05, 0.07, 0.03, -0.01, -0.02, 0.07, -0.08, 0.12, 0.06, 0.09	0.04	0.35	0.73	2.32	0.85	NA	NA	1.92e-42	58.9	90
km_euclidean_6	km	euclidean	dip_test	6	42	0.04	1.58e-02	NA	NA	153, 106, 275, 336, 242, 325	0	0.85, 0.83, 0.83, 0.81, 0.86, 0.96	0.6, 0.62, 0.63, 0.53, 0.62, 0.74	0.6, 0.63, 0.63, 0.54, 0.62, 0.74	0.72	0.63	287.42	0.1, 0.05, 0.05, 0.15, 0.02, -0.04	0.06	0.38	0.87	1.72	0.86	NA	NA	4.51e-37	58.87	92
pam_spearman_2	pam	spearman	dip_test	2	45	0.48	1.98e-02	NA	NA	904, 533	0	0.95, 0.96	0.66, 0.69	0.66, 0.69	0.75	0.67	327.51	0.13, 0.08	0.1	0.4	1.09	0.66	0.89	NA	NA	1.28e-22	58.59	93
pam_euclidean_13	pam	euclidean	dip_test	13	47	0.01	6.99e-01	NA	NA	115, 209, 211, 123, 129, 111, 90, 202, 79, 84, 69, 14, 1	0	0.78, 0.83, 0.76, 0.85, 0.91, 0.81, 0.78, 1, 0.81, 0.82, 0.79, 0.83, NA	0.57, 0.59, 0.52, 0.6, 0.67, 0.57, 0.59, 0.77, 0.51, 0.6, 0.59, 0.67, NaN	0.57, 0.6, 0.52, 0.61, 0.67, 0.58, 0.59, 0.78, 0.51, 0.6, 0.6, 0.68, NA	0.72	0.61	270.66	0.1, 0.05, 0.06, 0.04, -0.03, -0.02, 0.06, -0.08, 0.12, 0.07, 0.08, -0.06, 0	0.03	0.35	0.73	2.36	0.85	NA	NA	1.29e-96	58.57	94
pam_minkowski_13	pam	minkowski	dip_test	13	47	0.01	6.99e-01	NA	NA	115, 209, 211, 123, 129, 111, 90, 202, 79, 84, 69, 14, 1	0	0.78, 0.83, 0.76, 0.85, 0.91, 0.81, 0.78, 1, 0.81, 0.82, 0.79, 0.83, NA	0.57, 0.59, 0.52, 0.6, 0.67, 0.57, 0.59, 0.77, 0.51, 0.6, 0.59, 0.67, NaN	0.57, 0.6, 0.52, 0.61, 0.67, 0.58, 0.59, 0.78, 0.51, 0.6, 0.6, 0.68, NA	0.72	0.61	270.66	0.1, 0.05, 0.06, 0.04, -0.03, -0.02, 0.06, -0.08, 0.12, 0.07, 0.08, -0.06, 0	0.03	0.35	0.73	2.36	0.85	NA	NA	1.29e-96	58.57	94
pam_manhattan_17	pam	manhattan	dip_test	17	47	0	9.67e-01	NA	NA	55, 80, 96, 195, 120, 53, 15, 229, 105, 65, 81, 149, 34, 55, 34, 43, 28	0	0.82, 0.78, 0.73, 0.74, 0.85, 0.73, 0.67, 1, 0.78, 0.7, 0.79, 0.89, 0.74, 0.75, 0.82, 0.7, 0.72	0.61, 0.55, 0.55, 0.51, 0.6, 0.59, 0.56, 0.77, 0.56, 0.48, 0.59, 0.65, 0.55, 0.58, 0.59, 0.52, 0.49	0.6, 0.54, 0.55, 0.51, 0.61, 0.6, 0.56, 0.77, 0.56, 0.48, 0.6, 0.65, 0.54, 0.58, 0.6, 0.52, 0.48	0.71	0.6	262.81	0.01, 0.11, 0.07, 0.06, 0.03, 0.01, 0.09, -0.1, -0.02, 0.14, 0.07, -0.05, 0.07, 0.09, 0.02, 0.11, 0.13	0.05	0.35	0.72	2.62	0.84	NA	NA	2.74e-133	58.54	96
pam_binary_4	pam	binary	dip_test	4	45	0.16	1.26e-12	NA	NA	232, 169, 610, 426	0	0.9, 0.84, 0.91, 0.96	0.65, 0.57, 0.63, 0.69	0.66, 0.57, 0.64, 0.7	0.73	0.65	306.1	0.07, 0.12, 0.03, 0.05	0.07	0.37	0.94	1.27	0.88	NA	NA	6.33e-72	58.54	97
pam_euclidean_5	pam	euclidean	dip_test	5	45	0.08	1.11e-16	NA	NA	171, 314, 434, 216, 302	0	0.85, 0.88, 0.86, 0.88, 1	0.61, 0.64, 0.57, 0.64, 0.75	0.62, 0.64, 0.57, 0.64, 0.75	0.73	0.64	300.58	0.1, 0.04, 0.12, 0.02, -0.04	0.05	0.36	0.88	1.56	0.88	NA	NA	6.88e-30	58.5	98
pam_minkowski_5	pam	minkowski	dip_test	5	45	0.08	1.11e-16	NA	NA	171, 314, 434, 216, 302	0	0.85, 0.88, 0.86, 0.88, 1	0.61, 0.64, 0.57, 0.64, 0.75	0.62, 0.64, 0.57, 0.64, 0.75	0.73	0.64	300.58	0.1, 0.04, 0.12, 0.02, -0.04	0.05	0.36	0.88	1.56	0.88	NA	NA	6.88e-30	58.5	98
pam_euclidean_16	pam	euclidean	dip_test	16	47	0	9.67e-01	NA	NA	63, 77, 111, 184, 108, 68, 37, 45, 57, 195, 91, 71, 81, 146, 69, 34	0	0.83, 0.76, 0.78, 0.73, 0.85, 0.76, 0.76, 0.75, 0.76, 1, 0.78, 0.75, 0.79, 0.89, 0.79, 0.73	0.62, 0.54, 0.56, 0.5, 0.61, 0.59, 0.6, 0.56, 0.55, 0.77, 0.55, 0.5, 0.59, 0.66, 0.59, 0.52	0.62, 0.54, 0.56, 0.5, 0.62, 0.6, 0.6, 0.56, 0.55, 0.78, 0.55, 0.49, 0.6, 0.66, 0.6, 0.51	0.71	0.6	261.92	-0.01, 0.13, 0.07, 0.07, -0.01, 0.01, 0.05, 0.05, 0.08, -0.09, -0.01, 0.12, 0.07, -0.05, 0.07, 0.08	0.04	0.35	0.71	2.65	0.84	NA	NA	6.33e-74	58.2	100
pam_minkowski_16	pam	minkowski	dip_test	16	47	0	9.67e-01	NA	NA	63, 77, 111, 184, 108, 68, 37, 45, 57, 195, 91, 71, 81, 146, 69, 34	0	0.83, 0.76, 0.78, 0.73, 0.85, 0.76, 0.76, 0.75, 0.76, 1, 0.78, 0.75, 0.79, 0.89, 0.79, 0.73	0.62, 0.54, 0.56, 0.5, 0.61, 0.59, 0.6, 0.56, 0.55, 0.77, 0.55, 0.5, 0.59, 0.66, 0.59, 0.52	0.62, 0.54, 0.56, 0.5, 0.62, 0.6, 0.6, 0.56, 0.55, 0.78, 0.55, 0.49, 0.6, 0.66, 0.6, 0.51	0.71	0.6	261.92	-0.01, 0.13, 0.07, 0.07, -0.01, 0.01, 0.05, 0.05, 0.08, -0.09, -0.01, 0.12, 0.07, -0.05, 0.07, 0.08	0.04	0.35	0.71	2.65	0.84	NA	NA	6.33e-74	58.2	100
km_euclidean_11	km	euclidean	dip_test	11	44	0.01	6.99e-01	NA	NA	108, 96, 184, 192, 169, 83, 271, 131, 89, 74, 40	0	0.79, 0.81, 0.82, 0.69, 0.84, 0.76, 0.96, 0.74, 0.9, 0.75, 0.81	0.56, 0.61, 0.59, 0.48, 0.62, 0.61, 0.74, 0.53, 0.63, 0.57, 0.63	0.56, 0.62, 0.59, 0.48, 0.62, 0.61, 0.74, 0.53, 0.63, 0.57, 0.62	0.72	0.6	267.66	0.13, 0.05, 0.07, 0.14, 0, 0.01, -0.06, 0.06, 0.04, 0.08, -0.04	0.04	0.37	0.76	2.28	0.84	NA	NA	7.88e-68	58.18	102
hc_canberra_2	hc	canberra	dip_test	2	49	0.02	1.19e-01	NA	NA	1435, 2	0	1, 0.71	0.71, 0.71	0.71, 0.71	0.88	0.71	363	0.2, 0.19	0.2	0.66	1.24	0.01	0.8	NA	NA	1.04e-312	58.04	103
pam_euclidean_12	pam	euclidean	dip_test	12	47	0.01	8.13e-01	NA	NA	119, 216, 211, 140, 155, 110, 71, 170, 80, 87, 73, 5	0	0.79, 0.83, 0.76, 0.87, 0.9, 0.81, 0.76, 1, 0.81, 0.84, 0.79, 0.72	0.58, 0.6, 0.52, 0.62, 0.66, 0.57, 0.57, 0.78, 0.51, 0.6, 0.6, 0.61	0.58, 0.6, 0.52, 0.62, 0.67, 0.57, 0.57, 0.79, 0.51, 0.61, 0.6, 0.59	0.72	0.61	270.57	0.11, 0.05, 0.07, 0.02, -0.01, -0.02, 0.06, -0.09, 0.12, 0.06, 0.09, 0.05	0.04	0.35	0.72	2.34	0.85	NA	NA	6.23e-69	57.95	104
pam_minkowski_12	pam	minkowski	dip_test	12	47	0.01	8.13e-01	NA	NA	119, 216, 211, 140, 155, 110, 71, 170, 80, 87, 73, 5	0	0.79, 0.83, 0.76, 0.87, 0.9, 0.81, 0.76, 1, 0.81, 0.84, 0.79, 0.72	0.58, 0.6, 0.52, 0.62, 0.66, 0.57, 0.57, 0.78, 0.51, 0.6, 0.6, 0.61	0.58, 0.6, 0.52, 0.62, 0.67, 0.57, 0.57, 0.79, 0.51, 0.61, 0.6, 0.59	0.72	0.61	270.57	0.11, 0.05, 0.07, 0.02, -0.01, -0.02, 0.06, -0.09, 0.12, 0.06, 0.09, 0.05	0.04	0.35	0.72	2.34	0.85	NA	NA	6.23e-69	57.95	104
hc_binary_4	hc	binary	dip_test	4	49	0.22	7.83e-02	NA	NA	1419, 3, 6, 9	0	0.99, 0.82, 0.78, 0.84	0.7, 0.73, 0.7, 0.73	0.71, 0.7, 0.71, 0.74	0.86	0.7	358.93	0.16, 0.11, 0.17, 0.12	0.14	0.6	1.14	0.08	0.82	NA	NA	0e+00	57.93	106
hc_pearson_4	hc	pearson	dip_test	4	44	0.55	6.3e-03	NA	NA	1423, 2, 3, 9	0	0.99, 0.68, 0.83, 0.85	0.7, 0.68, 0.78, 0.73	0.71, 0.68, 0.8, 0.74	0.86	0.7	359.9	0.15, 0.19, 0.09, 0.12	0.14	0.6	1.07	0.06	0.82	NA	NA	0e+00	57.9	107
pam_euclidean_14	pam	euclidean	dip_test	14	47	0.01	9.67e-01	NA	NA	63, 77, 137, 221, 125, 73, 34, 93, 72, 195, 77, 81, 120, 69	0	0.83, 0.76, 0.78, 0.76, 0.85, 0.76, 0.76, 0.78, 0.76, 1, 0.75, 0.79, 0.89, 0.79	0.62, 0.54, 0.57, 0.53, 0.61, 0.6, 0.6, 0.55, 0.57, 0.77, 0.51, 0.59, 0.66, 0.59	0.62, 0.54, 0.58, 0.53, 0.61, 0.6, 0.6, 0.55, 0.57, 0.78, 0.5, 0.6, 0.66, 0.6	0.71	0.6	265.32	0, 0.13, 0.06, 0.04, 0.03, 0.02, 0.07, 0.01, 0.07, -0.09, 0.13, 0.08, -0.05, 0.07	0.04	0.35	0.72	2.53	0.84	NA	NA	3.13e-66	57.72	108
pam_minkowski_14	pam	minkowski	dip_test	14	47	0.01	9.67e-01	NA	NA	63, 77, 137, 221, 125, 73, 34, 93, 72, 195, 77, 81, 120, 69	0	0.83, 0.76, 0.78, 0.76, 0.85, 0.76, 0.76, 0.78, 0.76, 1, 0.75, 0.79, 0.89, 0.79	0.62, 0.54, 0.57, 0.53, 0.61, 0.6, 0.6, 0.55, 0.57, 0.77, 0.51, 0.59, 0.66, 0.59	0.62, 0.54, 0.58, 0.53, 0.61, 0.6, 0.6, 0.55, 0.57, 0.78, 0.5, 0.6, 0.66, 0.6	0.71	0.6	265.32	0, 0.13, 0.06, 0.04, 0.03, 0.02, 0.07, 0.01, 0.07, -0.09, 0.13, 0.08, -0.05, 0.07	0.04	0.35	0.72	2.53	0.84	NA	NA	3.13e-66	57.72	108
pam_canberra_2	pam	canberra	dip_test	2	45	0.44	1.98e-02	NA	NA	969, 468	0	0.93, 0.96	0.66, 0.7	0.67, 0.7	0.75	0.67	330.36	0.12, 0.07	0.1	0.4	1.08	0.63	0.89	NA	NA	7.07e-40	57.71	110
pam_pearson_3	pam	pearson	dip_test	3	41	0.32	0e+00	NA	NA	258, 459, 720	0	0.95, 0.96, 0.94	0.66, 0.68, 0.63	0.67, 0.68, 0.63	0.74	0.65	311.23	0.07, 0.07, 0.12	0.09	0.4	1.06	1.02	0.88	NA	NA	2.22e-49	57.69	111
km_euclidean_9	km	euclidean	dip_test	9	47	0.02	6.99e-01	NA	NA	119, 103, 196, 333, 230, 84, 285, 82, 5	0	0.84, 0.81, 0.83, 0.81, 0.86, 0.76, 0.96, 0.8, 0.7	0.58, 0.62, 0.6, 0.53, 0.62, 0.61, 0.74, 0.61, 0.65	0.58, 0.63, 0.6, 0.54, 0.62, 0.62, 0.74, 0.62, 0.67	0.72	0.62	278.27	0.12, 0.06, 0.07, 0.15, 0.02, 0.02, -0.06, 0.07, 0.02	0.05	0.4	0.86	1.97	0.85	NA	NA	5.32e-120	57.68	112
hc_spearman_2	hc	spearman	dip_test	2	51	0.02	1.98e-02	NA	NA	1434, 3	0	1, 0.83	0.71, 0.78	0.71, 0.8	0.87	0.71	362.9	0.19, 0.1	0.15	0.66	1.11	0.01	0.81	NA	NA	7.66e-312	57.66	113
pam_binary_7	pam	binary	dip_test	7	40	0.03	1.11e-01	NA	NA	194, 104, 140, 289, 219, 229, 262	0	0.88, 0.88, 0.85, 0.85, 0.9, 0.95, 0.96	0.63, 0.63, 0.55, 0.55, 0.63, 0.65, 0.7	0.63, 0.64, 0.55, 0.55, 0.63, 0.65, 0.7	0.72	0.62	282.79	0.07, 0.05, 0.07, 0.08, 0.02, 0.03, 0.01	0.05	0.37	0.86	1.9	0.86	NA	NA	1.58e-24	57.4	114
hc_canberra_4	hc	canberra	dip_test	4	51	0.14	2.11e-01	NA	NA	1423, 3, 2, 9	0	0.99, 0.82, 0.71, 0.84	0.7, 0.73, 0.71, 0.73	0.71, 0.7, 0.71, 0.74	0.86	0.7	359.81	0.16, 0.11, 0.18, 0.12	0.14	0.6	1.14	0.06	0.81	NA	NA	0e+00	57.2	115
pam_spearman_7	pam	spearman	dip_test	7	38	0.03	3.66e-02	NA	NA	128, 406, 299, 257, 111, 119, 117	0	0.84, 0.95, 0.81, 0.94, 0.87, 0.89, 0.93	0.59, 0.67, 0.54, 0.65, 0.64, 0.56, 0.66	0.59, 0.67, 0.55, 0.65, 0.65, 0.55, 0.66	0.72	0.62	282.81	0.11, 0.04, 0.1, 0, 0.03, 0.07, 0.04	0.06	0.37	0.89	1.82	0.86	NA	NA	5.35e-83	57.11	116
pam_canberra_5	pam	canberra	dip_test	5	41	0.11	0e+00	NA	NA	226, 151, 390, 245, 425	0	0.88, 0.88, 0.87, 0.93, 0.96	0.64, 0.57, 0.59, 0.65, 0.69	0.65, 0.57, 0.59, 0.65, 0.69	0.72	0.64	296.38	0.08, 0.08, 0.06, 0.03, 0.04	0.06	0.38	0.9	1.54	0.88	NA	NA	2.83e-39	56.59	117
pam_manhattan_4	pam	manhattan	dip_test	4	47	0.14	1.87e-08	NA	NA	175, 454, 465, 343	0	0.85, 0.89, 0.86, 1	0.62, 0.67, 0.58, 0.76	0.62, 0.68, 0.58, 0.77	0.73	0.66	316.12	0.1, -0.01, 0.13, -0.04	0.05	0.33	0.88	1.33	0.9	NA	NA	1.35e-32	56.21	118
hc_canberra_6	hc	canberra	dip_test	6	49	0.15	2.43e-02	NA	NA	1415, 4, 3, 6, 8, 1	0	0.98, 0.78, 0.82, 0.78, 0.8, NA	0.7, 0.7, 0.73, 0.7, 0.72, NaN	0.71, 0.72, 0.7, 0.71, 0.72, NA	0.86	0.7	357.51	0.14, 0.13, 0.07, 0.17, 0.07, 0	0.1	0.6	1.06	0.1	0.82	NA	NA	0e+00	56.04	119
pam_spearman_6	pam	spearman	dip_test	6	41	0.04	3.66e-02	NA	NA	208, 444, 429, 227, 127, 2	0	0.91, 0.96, 0.86, 0.93, 0.9, 0.73	0.64, 0.68, 0.57, 0.65, 0.66, 0.73	0.64, 0.68, 0.57, 0.65, 0.67, 0.73	0.73	0.63	292.99	0.08, 0.04, 0.12, 0.03, 0.02, -0.1	0.03	0.37	0.9	1.52	0.87	NA	NA	3.01e-131	55.87	120
hc_euclidean_3	hc	euclidean	dip_test	3	51	0.39	2.32e-03	NA	NA	6, 1428, 3	0	0.67, 1, 0.67	0.58, 0.71, 0.6	0.59, 0.71, 0.59	0.75	0.7	362.15	0.18, 0.03, 0.18	0.13	0.43	1.04	0.04	0.94	NA	NA	0e+00	55.61	121
hc_minkowski_3	hc	minkowski	dip_test	3	51	0.39	2.32e-03	NA	NA	6, 1428, 3	0	0.67, 1, 0.67	0.58, 0.71, 0.6	0.59, 0.71, 0.59	0.75	0.7	362.15	0.18, 0.03, 0.18	0.13	0.43	1.04	0.04	0.94	NA	NA	0e+00	55.61	121
pam_pearson_5	pam	pearson	dip_test	5	37	0.08	1.36e-03	NA	NA	240, 424, 476, 205, 92	0	0.95, 0.96, 0.93, 0.93, 0.87	0.66, 0.68, 0.58, 0.65, 0.63	0.66, 0.68, 0.58, 0.65, 0.63	0.73	0.63	294.66	0.06, 0.06, 0.12, 0.04, 0.06	0.07	0.39	1	1.48	0.87	NA	NA	3.98e-75	55.32	123
pam_manhattan_2	pam	manhattan	dip_test	2	45	0.5	1.98e-02	NA	NA	761, 676	0	0.93, 1	0.63, 0.73	0.64, 0.73	0.74	0.68	335.49	0.15, 0.01	0.08	0.33	1.01	0.69	0.92	NA	NA	2.49e-02	54.97	124
hc_pearson_6	hc	pearson	dip_test	6	45	0.27	1.58e-02	NA	NA	1407, 3, 3, 6, 8, 10	0	0.98, 0.7, 0.82, 0.83, 0.81, 0.87	0.7, 0.65, 0.73, 0.72, 0.71, 0.73	0.71, 0.64, 0.7, 0.72, 0.72, 0.74	0.84	0.7	356.54	0.11, 0.2, 0.1, 0.15, 0.1, 0.09	0.13	0.55	1.11	0.13	0.83	NA	NA	0e+00	54.9	125
hc_manhattan_3	hc	manhattan	dip_test	3	51	0.37	9.57e-06	NA	NA	1431, 2, 4	0	1, 0.67, 0.64	0.71, 0.67, 0.59	0.71, 0.67, 0.6	0.76	0.7	362.53	0.05, 0.1, 0.19	0.11	0.43	1.06	0.03	0.92	NA	NA	0e+00	54.81	126
pam_manhattan_5	pam	manhattan	dip_test	5	41	0.08	4.96e-07	NA	NA	162, 309, 400, 228, 338	0	0.85, 0.88, 0.86, 0.87, 1	0.61, 0.64, 0.56, 0.63, 0.75	0.61, 0.65, 0.57, 0.64, 0.75	0.72	0.64	301.9	0.11, 0.02, 0.12, 0.03, -0.04	0.05	0.36	0.87	1.57	0.89	NA	NA	2.38e-25	54.8	127
pam_pearson_6	pam	pearson	dip_test	6	35	0.04	1.58e-02	NA	NA	200, 438, 191, 390, 115, 103	0	0.95, 0.93, 0.93, 0.95, 0.92, 0.87	0.64, 0.57, 0.65, 0.67, 0.63, 0.64	0.64, 0.57, 0.65, 0.67, 0.63, 0.64	0.73	0.63	287.46	0.09, 0.14, 0.03, 0.06, 0.06, 0.06	0.07	0.4	1.02	1.65	0.86	NA	NA	4.02e-88	54.52	128
hc_pearson_2	hc	pearson	dip_test	2	51	0.02	2.38e-01	NA	NA	1434, 3	0	1, 0.82	0.71, 0.73	0.71, 0.7	0.85	0.71	362.93	0.17, 0.14	0.15	0.59	1.16	0.01	0.83	NA	NA	7.66e-312	54.43	129
hc_spearman_6	hc	spearman	dip_test	6	49	0.23	1.55e-01	NA	NA	1418, 3, 5, 9, 1, 1	0	0.99, 0.82, 0.78, 0.84, NA, NA	0.7, 0.73, 0.71, 0.73, NaN, NaN	0.71, 0.7, 0.72, 0.74, NA, NA	0.86	0.7	358.26	0.13, 0.11, 0.1, 0.11, 0, 0	0.08	0.6	1.09	0.09	0.82	NA	NA	0e+00	54.41	130
hc_binary_5	hc	binary	dip_test	5	49	0.23	2.11e-01	NA	NA	1419, 3, 6, 7, 2	0	0.99, 0.82, 0.78, 0.8, 0.75	0.7, 0.73, 0.7, 0.72, 0.75	0.71, 0.7, 0.71, 0.73, 0.75	0.86	0.7	358.62	0.15, 0.1, 0.17, 0.04, -0.01	0.09	0.6	0.99	0.08	0.82	NA	NA	0e+00	54.29	131
pam_euclidean_4	pam	euclidean	dip_test	4	43	0.14	1.29e-09	NA	NA	184, 446, 515, 292	0	0.85, 0.89, 0.87, 1	0.62, 0.67, 0.59, 0.77	0.63, 0.68, 0.59, 0.77	0.73	0.65	314.65	0.1, 0, 0.13, -0.04	0.05	0.32	0.89	1.32	0.9	NA	NA	3.39e-40	54.22	132
pam_minkowski_4	pam	minkowski	dip_test	4	43	0.14	1.29e-09	NA	NA	184, 446, 515, 292	0	0.85, 0.89, 0.87, 1	0.62, 0.67, 0.59, 0.77	0.63, 0.68, 0.59, 0.77	0.73	0.65	314.65	0.1, 0, 0.13, -0.04	0.05	0.32	0.89	1.32	0.9	NA	NA	3.39e-40	54.22	132
pam_binary_6	pam	binary	dip_test	6	37	0.06	2.43e-02	NA	NA	208, 164, 343, 235, 225, 262	0	0.88, 0.85, 0.87, 0.9, 0.95, 0.96	0.64, 0.58, 0.58, 0.64, 0.65, 0.7	0.64, 0.58, 0.58, 0.64, 0.65, 0.7	0.72	0.63	290.06	0.07, 0.06, 0.06, 0.03, 0.04, 0.01	0.05	0.37	0.89	1.77	0.87	NA	NA	6.5e-15	54.2	134
hc_binary_7	hc	binary	dip_test	7	49	0.13	7.83e-02	NA	NA	1414, 5, 3, 6, 6, 2, 1	0	0.98, 0.78, 0.82, 0.78, 0.79, 0.75, NA	0.7, 0.69, 0.73, 0.7, 0.69, 0.75, NaN	0.71, 0.71, 0.7, 0.71, 0.7, 0.75, NA	0.85	0.7	357.14	0.12, 0.14, 0.09, 0.16, 0.05, -0.02, 0	0.08	0.53	0.98	0.11	0.82	NA	NA	0e+00	53.76	135
pam_euclidean_2	pam	euclidean	dip_test	2	43	0.5	1.98e-02	NA	NA	829, 608	0	0.93, 1	0.64, 0.73	0.65, 0.73	0.74	0.68	334.59	0.14, 0.02	0.08	0.37	1.02	0.68	0.91	NA	NA	5.54e-09	53.72	136
pam_minkowski_2	pam	minkowski	dip_test	2	43	0.5	1.98e-02	NA	NA	829, 608	0	0.93, 1	0.64, 0.73	0.65, 0.73	0.74	0.68	334.59	0.14, 0.02	0.08	0.37	1.02	0.68	0.91	NA	NA	5.54e-09	53.72	136
hc_pearson_5	hc	pearson	dip_test	5	45	0.26	2.11e-01	NA	NA	1417, 3, 3, 6, 8	0	0.98, 0.7, 0.82, 0.83, 0.81	0.7, 0.65, 0.73, 0.72, 0.71	0.71, 0.64, 0.7, 0.72, 0.72	0.85	0.7	358.25	0.14, 0.2, 0.1, 0.15, 0.1	0.14	0.59	1.12	0.09	0.82	NA	NA	0e+00	53.62	138
pam_spearman_4	pam	spearman	dip_test	4	36	0.17	0e+00	NA	NA	233, 451, 520, 233	0	0.91, 0.96, 0.93, 0.94	0.65, 0.68, 0.59, 0.66	0.66, 0.68, 0.59, 0.65	0.73	0.64	300.51	0.08, 0.06, 0.12, 0.03	0.07	0.37	1	1.32	0.87	NA	NA	1.15e-39	53.57	139
km_euclidean_5	km	euclidean	dip_test	5	36	0.08	7.14e-05	NA	NA	198, 269, 363, 279, 328	0	0.88, 0.8, 0.84, 0.88, 0.96	0.64, 0.63, 0.55, 0.64, 0.73	0.64, 0.63, 0.55, 0.64, 0.73	0.73	0.63	294.95	0.06, 0.06, 0.15, 0.01, -0.03	0.05	0.38	0.88	1.59	0.87	NA	NA	3.49e-11	53.5	140
hc_binary_6	hc	binary	dip_test	6	49	0.17	1.11e-01	NA	NA	1419, 3, 6, 7, 1, 1	0	0.99, 0.82, 0.78, 0.8, NA, NA	0.7, 0.73, 0.7, 0.72, NaN, NaN	0.71, 0.7, 0.71, 0.73, NA, NA	0.86	0.7	358.34	0.15, 0.06, 0.16, -0.01, 0, 0	0.06	0.6	0.97	0.08	0.82	NA	NA	0e+00	53.26	141
hc_canberra_5	hc	canberra	dip_test	5	49	0.2	3.67e-01	NA	NA	1419, 3, 6, 8, 1	0	0.99, 0.82, 0.78, 0.8, NA	0.7, 0.73, 0.7, 0.72, NaN	0.71, 0.7, 0.71, 0.72, NA	0.86	0.7	358.59	0.15, 0.07, 0.17, 0.08, 0	0.1	0.6	1.06	0.08	0.82	NA	NA	0e+00	52.95	142
hc_spearman_7	hc	spearman	dip_test	7	47	0.32	3.66e-02	NA	NA	1393, 25, 3, 5, 9, 1, 1	0	0.99, 0.88, 0.82, 0.78, 0.84, NA, NA	0.7, 0.72, 0.73, 0.71, 0.73, NaN, NaN	0.71, 0.74, 0.7, 0.72, 0.74, NA, NA	0.82	0.7	355.33	0.09, 0.07, 0.09, 0.1, 0.11, 0, 0	0.07	0.49	1.07	0.18	0.86	NA	NA	0e+00	52.92	143
hc_spearman_5	hc	spearman	dip_test	5	49	0.16	3.67e-01	NA	NA	1418, 3, 6, 9, 1	0	0.99, 0.82, 0.83, 0.84, NA	0.7, 0.73, 0.74, 0.73, NaN	0.71, 0.7, 0.73, 0.74, NA	0.86	0.7	358.62	0.14, 0.11, 0.12, 0.11, 0	0.1	0.6	1.12	0.09	0.82	NA	NA	0e+00	52.56	144
hc_spearman_4	hc	spearman	dip_test	4	48	0.26	2.81e-01	NA	NA	1421, 12, 3, 1	0	0.99, 0.94, 0.83, NA	0.7, 0.77, 0.78, NaN	0.71, 0.78, 0.8, NA	0.86	0.7	359.88	0.14, 0.08, 0.1, 0	0.08	0.6	1.07	0.07	0.82	NA	NA	0e+00	52.42	145
hc_canberra_11	hc	canberra	dip_test	11	49	0.24	1.55e-01	NA	NA	1409, 7, 5, 2, 2, 7, 1, 1, 1, 1, 1	0	0.98, 0.88, 0.78, 0.68, 0.71, 0.79, NA, NA, NA, NA, NA	0.7, 0.75, 0.69, 0.68, 0.71, 0.7, NaN, NaN, NaN, NaN, NaN	0.71, 0.75, 0.71, 0.68, 0.71, 0.69, NA, NA, NA, NA, NA	0.84	0.7	355.49	0.1, 0.02, 0.09, 0.08, 0.12, 0.07, 0, 0, 0, 0, 0	0.04	0.53	1.01	0.13	0.83	NA	NA	0e+00	51.95	146
hc_canberra_7	hc	canberra	dip_test	7	48	0.15	2.11e-01	NA	NA	1413, 5, 3, 6, 8, 1, 1	0	0.98, 0.78, 0.82, 0.78, 0.8, NA, NA	0.7, 0.69, 0.73, 0.7, 0.72, NaN, NaN	0.71, 0.71, 0.7, 0.71, 0.72, NA, NA	0.85	0.7	356.99	0.12, 0.14, 0.07, 0.12, 0.07, 0, 0	0.08	0.53	1.06	0.11	0.82	NA	NA	0e+00	51.9	147
pam_binary_5	pam	binary	dip_test	5	35	0.1	4.45e-04	NA	NA	228, 161, 369, 260, 419	0	0.89, 0.88, 0.91, 0.93, 0.96	0.65, 0.57, 0.59, 0.65, 0.69	0.65, 0.57, 0.59, 0.65, 0.69	0.72	0.64	296.85	0.07, 0.07, 0.06, 0.02, 0.04	0.05	0.37	0.9	1.56	0.88	NA	NA	2.96e-32	51.32	148
hc_euclidean_2	hc	euclidean	dip_test	2	51	0.02	2.18e-01	NA	NA	1434, 3	0	1, 0.67	0.71, 0.6	0.71, 0.59	0.77	0.71	363.14	0.08, 0.22	0.15	0.53	1.09	0.01	0.92	NA	NA	7.66e-312	50.99	149
hc_minkowski_2	hc	minkowski	dip_test	2	51	0.02	2.18e-01	NA	NA	1434, 3	0	1, 0.67	0.71, 0.6	0.71, 0.59	0.77	0.71	363.14	0.08, 0.22	0.15	0.53	1.09	0.01	0.92	NA	NA	7.66e-312	50.99	149
hc_binary_9	hc	binary	dip_test	9	49	0.15	3.67e-01	NA	NA	1409, 5, 3, 4, 6, 7, 1, 1, 1	0	0.98, 0.78, 0.82, 0.78, 0.78, 0.79, NA, NA, NA	0.7, 0.69, 0.73, 0.72, 0.7, 0.7, NaN, NaN, NaN	0.71, 0.71, 0.7, 0.73, 0.71, 0.69, NA, NA, NA	0.85	0.7	355.62	0.11, 0.13, 0.05, 0.09, 0.12, 0.09, 0, 0, 0	0.07	0.53	1.05	0.13	0.83	NA	NA	0e+00	50.86	151
hc_manhattan_4	hc	manhattan	dip_test	4	51	0.24	4.45e-04	NA	NA	1431, 1, 4, 1	0	1, NA, 0.64, NA	0.71, NaN, 0.59, NaN	0.71, NA, 0.6, NA	0.76	0.7	362.3	0.03, 0, 0.17, 0	0.05	0.43	0.96	0.03	0.92	NA	NA	0e+00	50.6	152
hc_spearman_9	hc	spearman	dip_test	9	35	1.01	1.01e-02	NA	NA	1395, 22, 3, 4, 2, 8, 1, 1, 1	0	0.99, 0.88, 0.82, 0.8, 0.71, 0.81, NA, NA, NA	0.7, 0.71, 0.73, 0.67, 0.71, 0.71, NaN, NaN, NaN	0.71, 0.72, 0.7, 0.66, 0.71, 0.72, NA, NA, NA	0.81	0.7	355.08	0.07, 0.07, 0.08, 0.14, 0.12, 0.09, 0, 0, 0	0.06	0.49	1.06	0.18	0.86	NA	NA	0e+00	49.93	153
hc_manhattan_2	hc	manhattan	dip_test	2	51	0.01	1.98e-02	NA	NA	1436, 1	0	1, NA	0.71, NaN	0.71, NA	0.8	0.71	363.41	0.12, 0	0.06	0.54	1.14	0.01	0.88	NA	NA	1.42e-313	49.67	154
hc_binary_8	hc	binary	dip_test	8	48	0.16	4.68e-01	NA	NA	1410, 5, 3, 4, 6, 6, 2, 1	0	0.98, 0.78, 0.82, 0.78, 0.78, 0.79, 0.75, NA	0.7, 0.69, 0.73, 0.72, 0.7, 0.69, 0.75, NaN	0.71, 0.71, 0.7, 0.73, 0.71, 0.7, 0.75, NA	0.85	0.7	356.12	0.12, 0.14, 0.06, 0.11, 0.16, 0.05, -0.02, 0	0.08	0.53	0.98	0.13	0.83	NA	NA	0e+00	49.61	155
hc_euclidean_5	hc	euclidean	dip_test	5	48	0.29	7.83e-02	NA	NA	1430, 3, 2, 1, 1	0	1, 0.65, 0.54, NA, NA	0.71, 0.63, 0.54, NaN, NaN	0.71, 0.64, 0.54, NA, NA	0.77	0.7	361.92	0, 0.07, 0.21, 0, 0	0.05	0.53	0.96	0.04	0.91	NA	NA	0e+00	48.82	156
hc_minkowski_5	hc	minkowski	dip_test	5	48	0.29	7.83e-02	NA	NA	1430, 3, 2, 1, 1	0	1, 0.65, 0.54, NA, NA	0.71, 0.63, 0.54, NaN, NaN	0.71, 0.64, 0.54, NA, NA	0.77	0.7	361.92	0, 0.07, 0.21, 0, 0	0.05	0.53	0.96	0.04	0.91	NA	NA	0e+00	48.82	156
hc_binary_10	hc	binary	dip_test	10	48	0.13	3.67e-01	NA	NA	1406, 7, 5, 3, 6, 6, 1, 1, 1, 1	0	0.98, 0.88, 0.78, 0.82, 0.78, 0.79, NA, NA, NA, NA	0.7, 0.75, 0.69, 0.73, 0.7, 0.69, NaN, NaN, NaN, NaN	0.71, 0.75, 0.71, 0.7, 0.71, 0.7, NA, NA, NA, NA	0.84	0.7	355.13	0.11, 0.04, 0.13, 0.05, 0.12, 0, 0, 0, 0, 0	0.05	0.53	0.93	0.15	0.83	NA	NA	0e+00	48.57	158
hc_canberra_9	hc	canberra	dip_test	9	45	0.15	2.81e-01	NA	NA	1413, 5, 3, 4, 2, 7, 1, 1, 1	0	0.98, 0.78, 0.82, 0.78, 0.71, 0.79, NA, NA, NA	0.7, 0.69, 0.73, 0.72, 0.71, 0.7, NaN, NaN, NaN	0.71, 0.71, 0.7, 0.73, 0.71, 0.69, NA, NA, NA	0.85	0.7	356.52	0.11, 0.14, 0.05, 0.09, 0.12, 0.09, 0, 0, 0	0.07	0.53	1.05	0.12	0.83	NA	NA	0e+00	48.51	159
hc_canberra_13	hc	canberra	dip_test	13	49	0.14	4.68e-01	NA	NA	1409, 3, 5, 2, 4, 2, 5, 2, 1, 1, 1, 1, 1	0	0.98, 0.67, 0.78, 0.68, 0.78, 0.71, 0.77, 0.68, NA, NA, NA, NA, NA	0.7, 0.63, 0.69, 0.68, 0.72, 0.71, 0.67, 0.68, NaN, NaN, NaN, NaN, NaN	0.71, 0.63, 0.71, 0.68, 0.73, 0.71, 0.65, 0.68, NA, NA, NA, NA, NA	0.84	0.7	354.65	0.09, 0.16, 0.09, 0.07, 0.06, 0.12, 0.05, 0.05, 0, 0, 0, 0, 0	0.05	0.53	0.99	0.14	0.83	NA	NA	0e+00	48.51	160
hc_canberra_10	hc	canberra	dip_test	10	46	0.12	2.11e-01	NA	NA	1410, 7, 5, 2, 2, 7, 1, 1, 1, 1	0	0.98, 0.88, 0.78, 0.68, 0.71, 0.79, NA, NA, NA, NA	0.7, 0.75, 0.69, 0.68, 0.71, 0.7, NaN, NaN, NaN, NaN	0.71, 0.75, 0.71, 0.68, 0.71, 0.69, NA, NA, NA, NA	0.84	0.7	355.96	0.11, 0.02, 0.14, 0.08, 0.12, 0.08, 0, 0, 0, 0	0.05	0.53	1.01	0.13	0.83	NA	NA	0e+00	48.35	161
hc_spearman_8	hc	spearman	dip_test	8	47	0.12	2.11e-01	NA	NA	1394, 24, 3, 5, 8, 1, 1, 1	0	0.99, 0.88, 0.82, 0.78, 0.81, NA, NA, NA	0.7, 0.72, 0.73, 0.71, 0.71, NaN, NaN, NaN	0.71, 0.74, 0.7, 0.72, 0.72, NA, NA, NA	0.82	0.7	355.14	0.09, 0.07, 0.08, 0.1, 0.09, 0, 0, 0	0.05	0.49	1.07	0.17	0.86	NA	NA	0e+00	48.28	162
hc_manhattan_6	hc	manhattan	dip_test	6	49	0.27	3.66e-02	NA	NA	1429, 1, 4, 1, 1, 1	0	1, NA, 0.64, NA, NA, NA	0.71, NaN, 0.59, NaN, NaN, NaN	0.71, NA, 0.6, NA, NA, NA	0.76	0.7	361.67	-0.01, 0, 0.17, 0, 0, 0	0.03	0.43	0.96	0.04	0.93	NA	NA	0e+00	48.14	163
hc_euclidean_6	hc	euclidean	dip_test	6	48	0.23	1.55e-01	NA	NA	1425, 5, 1, 3, 2, 1	0	1, 0.63, NA, 0.58, 0.54, NA	0.7, 0.58, NaN, 0.56, 0.54, NaN	0.71, 0.58, NA, 0.58, 0.54, NA	0.75	0.7	361.23	-0.01, 0.17, 0, 0.15, 0.15, 0	0.08	0.49	0.9	0.06	0.94	NA	NA	0e+00	48.1	164
hc_minkowski_6	hc	minkowski	dip_test	6	48	0.23	1.55e-01	NA	NA	1425, 5, 1, 3, 2, 1	0	1, 0.63, NA, 0.58, 0.54, NA	0.7, 0.58, NaN, 0.56, 0.54, NaN	0.71, 0.58, NA, 0.58, 0.54, NA	0.75	0.7	361.23	-0.01, 0.17, 0, 0.15, 0.15, 0	0.08	0.49	0.9	0.06	0.94	NA	NA	0e+00	48.1	164
hc_euclidean_4	hc	euclidean	dip_test	4	49	0.21	2.81e-01	NA	NA	6, 1427, 3, 1	0	0.67, 1, 0.67, NA	0.58, 0.71, 0.6, NaN	0.59, 0.71, 0.59, NA	0.75	0.7	361.82	0.18, 0.02, 0.18, 0	0.09	0.43	1.04	0.05	0.94	NA	NA	0e+00	47.64	166
hc_minkowski_4	hc	minkowski	dip_test	4	49	0.21	2.81e-01	NA	NA	6, 1427, 3, 1	0	0.67, 1, 0.67, NA	0.58, 0.71, 0.6, NaN	0.59, 0.71, 0.59, NA	0.75	0.7	361.82	0.18, 0.02, 0.18, 0	0.09	0.43	1.04	0.05	0.94	NA	NA	0e+00	47.64	166
hc_canberra_8	hc	canberra	dip_test	8	46	0.16	4.68e-01	NA	NA	1413, 5, 3, 6, 7, 1, 1, 1	0	0.98, 0.78, 0.82, 0.78, 0.79, NA, NA, NA	0.7, 0.69, 0.73, 0.7, 0.7, NaN, NaN, NaN	0.71, 0.71, 0.7, 0.71, 0.69, NA, NA, NA	0.85	0.7	356.64	0.12, 0.13, 0.07, 0.12, 0.09, 0, 0, 0	0.07	0.53	1.05	0.11	0.82	NA	NA	0e+00	47.5	168
km_euclidean_4	km	euclidean	dip_test	4	29	0.15	2.25e-07	NA	NA	227, 482, 418, 310	0	0.88, 0.96, 0.84, 0.88	0.65, 0.71, 0.56, 0.65	0.65, 0.71, 0.57, 0.65	0.73	0.64	304.4	0.07, 0.01, 0.14, 0.01	0.06	0.39	0.93	1.35	0.89	NA	NA	4.89e-23	46.94	169
hc_pearson_8	hc	pearson	dip_test	8	48	0.1	6.99e-01	NA	NA	1405, 3, 4, 6, 8, 8, 1, 2	0	0.99, 0.82, 0.8, 0.78, 0.81, 0.81, NA, 0.75	0.7, 0.73, 0.67, 0.7, 0.71, 0.69, NaN, 0.75	0.71, 0.7, 0.66, 0.71, 0.72, 0.68, NA, 0.75	0.84	0.7	355.63	0.08, 0.09, 0.16, 0.1, 0.12, 0.12, 0, 0.06	0.09	0.55	1.05	0.15	0.84	NA	NA	0e+00	46.94	170
hc_pearson_9	hc	pearson	dip_test	9	46	0.11	4.68e-01	NA	NA	1408, 3, 1, 3, 8, 8, 1, 3, 2	0	0.99, 0.82, NA, 0.73, 0.81, 0.81, NA, 0.59, 0.75	0.7, 0.73, NaN, 0.72, 0.71, 0.69, NaN, 0.58, 0.75	0.71, 0.7, NA, 0.73, 0.72, 0.68, NA, 0.59, 0.75	0.83	0.7	355.95	0.07, 0.05, 0, 0.09, 0.12, 0.12, 0, 0.23, 0.06	0.08	0.55	1.02	0.14	0.84	NA	NA	0e+00	46.82	171
hc_binary_11	hc	binary	dip_test	11	48	0.14	5.81e-01	NA	NA	1407, 7, 5, 2, 6, 5, 1, 1, 1, 1, 1	0	0.98, 0.88, 0.78, 0.7, 0.78, 0.77, NA, NA, NA, NA, NA	0.7, 0.75, 0.69, 0.7, 0.7, 0.67, NaN, NaN, NaN, NaN, NaN	0.71, 0.75, 0.71, 0.7, 0.71, 0.65, NA, NA, NA, NA, NA	0.84	0.7	355.02	0.11, 0, 0.13, 0.02, 0.11, 0.04, 0, 0, 0, 0, 0	0.04	0.53	0.93	0.14	0.83	NA	NA	0e+00	46.08	172
hc_canberra_12	hc	canberra	dip_test	12	48	0.13	6.99e-01	NA	NA	1407, 3, 5, 2, 4, 2, 7, 1, 3, 1, 1, 1	0	0.98, 0.67, 0.78, 0.68, 0.78, 0.71, 0.79, NA, 0.85, NA, NA, NA	0.7, 0.63, 0.69, 0.68, 0.72, 0.71, 0.7, NaN, 0.8, NaN, NaN, NaN	0.71, 0.63, 0.71, 0.68, 0.73, 0.71, 0.69, NA, 0.8, NA, NA, NA	0.84	0.7	354.71	0.09, 0.16, 0.12, 0.07, 0.06, 0.12, 0.08, 0, -0.02, 0, 0, 0	0.06	0.53	0.95	0.15	0.83	NA	NA	0e+00	45.85	173
hc_manhattan_5	hc	manhattan	dip_test	5	49	0.25	1.11e-01	NA	NA	1433, 1, 1, 1, 1	0	1, NA, NA, NA, NA	0.71, NaN, NaN, NaN, NaN	0.71, NA, NA, NA, NA	0.77	0.71	362.45	0.01, 0, 0, 0, 0	0	0.53	0.96	0.02	0.92	NA	NA	0e+00	45.48	174
hc_binary_13	hc	binary	dip_test	13	45	0.16	5.81e-01	NA	NA	1406, 3, 5, 2, 4, 5, 5, 2, 1, 1, 1, 1, 1	0	0.98, 0.67, 0.78, 0.7, 0.78, 0.75, 0.77, 0.68, NA, NA, NA, NA, NA	0.7, 0.63, 0.69, 0.7, 0.72, 0.68, 0.67, 0.68, NaN, NaN, NaN, NaN, NaN	0.71, 0.63, 0.71, 0.7, 0.73, 0.67, 0.65, 0.68, NA, NA, NA, NA, NA	0.84	0.7	353.92	0.09, 0.16, 0.12, 0.02, 0.02, 0.15, 0.06, 0.05, 0, 0, 0, 0, 0	0.05	0.53	0.99	0.15	0.83	NA	NA	0e+00	44.67	175
pam_canberra_4	pam	canberra	dip_test	4	26	0.14	0e+00	NA	NA	233, 154, 624, 426	0	0.88, 0.84, 0.91, 0.96	0.65, 0.57, 0.63, 0.69	0.65, 0.57, 0.64, 0.69	0.73	0.65	305.96	0.07, 0.13, 0.03, 0.05	0.07	0.37	0.94	1.26	0.88	NA	NA	1.07e-79	43.91	176
hc_manhattan_7	hc	manhattan	dip_test	7	47	0.21	2.81e-01	NA	NA	1423, 6, 1, 4, 1, 1, 1	0	1, 0.66, NA, 0.64, NA, NA, NA	0.7, 0.6, NaN, 0.59, NaN, NaN, NaN	0.71, 0.61, NA, 0.6, NA, NA, NA	0.75	0.7	360.72	-0.02, 0.13, 0, 0.14, 0, 0, 0	0.04	0.43	0.96	0.07	0.93	NA	NA	0e+00	43.84	177
hc_euclidean_9	hc	euclidean	dip_test	9	40	0.53	1.55e-01	NA	NA	1416, 2, 5, 1, 7, 2, 2, 1, 1	0	1, 0.65, 0.63, NA, 0.67, 0.52, 0.54, NA, NA	0.7, 0.65, 0.58, NaN, 0.55, 0.52, 0.54, NaN, NaN	0.71, 0.65, 0.58, NA, 0.57, 0.52, 0.54, NA, NA	0.74	0.7	359.67	-0.05, -0.04, 0.13, 0, 0.15, 0.21, 0.15, 0, 0	0.06	0.45	0.88	0.1	0.95	NA	NA	0e+00	43.69	178
hc_minkowski_9	hc	minkowski	dip_test	9	40	0.53	1.55e-01	NA	NA	1416, 2, 5, 1, 7, 2, 2, 1, 1	0	1, 0.65, 0.63, NA, 0.67, 0.52, 0.54, NA, NA	0.7, 0.65, 0.58, NaN, 0.55, 0.52, 0.54, NaN, NaN	0.71, 0.65, 0.58, NA, 0.57, 0.52, 0.54, NA, NA	0.74	0.7	359.67	-0.05, -0.04, 0.13, 0, 0.15, 0.21, 0.15, 0, 0	0.06	0.45	0.88	0.1	0.95	NA	NA	0e+00	43.69	178
hc_maximum_12	hc	maximum	dip_test	12	51	0.06	1.07e-06	NA	NA	1426, 1, 1, 1, 1, 1, 1, 1, 1, 1, 1, 1	0	1, NA, NA, NA, NA, NA, NA, NA, NA, NA, NA, NA	0.71, NaN, NaN, NaN, NaN, NaN, NaN, NaN, NaN, NaN, NaN, NaN	0.71, NA, NA, NA, NA, NA, NA, NA, NA, NA, NA, NA	0.71	0.71	360.99	-0.18, 0, 0, 0, 0, 0, 0, 0, 0, 0, 0, 0	-0.01	0.35	0.56	0.06	1	NA	NA	0e+00	43.4	180
pam_maximum_12	pam	maximum	dip_test	12	51	0.06	1.07e-06	NA	NA	1426, 1, 1, 1, 1, 1, 1, 1, 1, 1, 1, 1	0	1, NA, NA, NA, NA, NA, NA, NA, NA, NA, NA, NA	0.71, NaN, NaN, NaN, NaN, NaN, NaN, NaN, NaN, NaN, NaN, NaN	0.71, NA, NA, NA, NA, NA, NA, NA, NA, NA, NA, NA	0.71	0.71	360.99	-0.18, 0, 0, 0, 0, 0, 0, 0, 0, 0, 0, 0	-0.01	0.35	0.56	0.06	1	NA	NA	0e+00	43.4	180
hc_maximum_4	hc	maximum	dip_test	4	51	0.13	0e+00	NA	NA	1434, 1, 1, 1	0	1, NA, NA, NA	0.71, NaN, NaN, NaN	0.71, NA, NA, NA	0.7	0.71	363.07	-0.12, 0, 0, 0	-0.03	0.36	0.92	0.02	1.01	NA	NA	0e+00	43.32	182
pam_maximum_4	pam	maximum	dip_test	4	51	0.13	0e+00	NA	NA	1434, 1, 1, 1	0	1, NA, NA, NA	0.71, NaN, NaN, NaN	0.71, NA, NA, NA	0.7	0.71	363.07	-0.12, 0, 0, 0	-0.03	0.36	0.92	0.02	1.01	NA	NA	0e+00	43.32	182
hc_maximum_6	hc	maximum	dip_test	6	51	0.11	1.55e-14	NA	NA	1432, 1, 1, 1, 1, 1	0	1, NA, NA, NA, NA, NA	0.71, NaN, NaN, NaN, NaN, NaN	0.71, NA, NA, NA, NA, NA	0.7	0.71	362.62	-0.14, 0, 0, 0, 0, 0	-0.02	0.36	0.56	0.03	1.01	NA	NA	0e+00	43.2	184
pam_maximum_6	pam	maximum	dip_test	6	51	0.11	1.55e-14	NA	NA	1432, 1, 1, 1, 1, 1	0	1, NA, NA, NA, NA, NA	0.71, NaN, NaN, NaN, NaN, NaN	0.71, NA, NA, NA, NA, NA	0.7	0.71	362.62	-0.14, 0, 0, 0, 0, 0	-0.02	0.36	0.56	0.03	1.01	NA	NA	0e+00	43.2	184
hc_pearson_11	hc	pearson	dip_test	11	46	0.07	6.99e-01	NA	NA	1384, 24, 3, 1, 3, 7, 8, 1, 3, 2, 1	0	0.99, 0.88, 0.82, NA, 0.73, 0.79, 0.81, NA, 0.59, 0.75, NA	0.7, 0.7, 0.73, NaN, 0.72, 0.7, 0.69, NaN, 0.58, 0.75, NaN	0.7, 0.72, 0.7, NA, 0.73, 0.69, 0.68, NA, 0.59, 0.75, NA	0.81	0.7	352.83	0.06, 0.06, 0.05, 0, 0.09, 0.09, 0.12, 0, 0.23, 0.05, 0	0.07	0.49	1.02	0.22	0.86	NA	NA	0e+00	43.16	186
hc_maximum_10	hc	maximum	dip_test	10	51	0.08	1.29e-09	NA	NA	1428, 1, 1, 1, 1, 1, 1, 1, 1, 1	0	1, NA, NA, NA, NA, NA, NA, NA, NA, NA	0.71, NaN, NaN, NaN, NaN, NaN, NaN, NaN, NaN, NaN	0.71, NA, NA, NA, NA, NA, NA, NA, NA, NA	0.7	0.71	361.64	-0.17, 0, 0, 0, 0, 0, 0, 0, 0, 0	-0.02	0.35	0.56	0.05	1.01	NA	NA	0e+00	43.05	187
pam_maximum_10	pam	maximum	dip_test	10	51	0.08	1.29e-09	NA	NA	1428, 1, 1, 1, 1, 1, 1, 1, 1, 1	0	1, NA, NA, NA, NA, NA, NA, NA, NA, NA	0.71, NaN, NaN, NaN, NaN, NaN, NaN, NaN, NaN, NaN	0.71, NA, NA, NA, NA, NA, NA, NA, NA, NA	0.7	0.71	361.64	-0.17, 0, 0, 0, 0, 0, 0, 0, 0, 0	-0.02	0.35	0.56	0.05	1.01	NA	NA	0e+00	43.05	187
hc_maximum_17	hc	maximum	dip_test	17	51	0.05	3.86e-03	NA	NA	1421, 1, 1, 1, 1, 1, 1, 1, 1, 1, 1, 1, 1, 1, 1, 1, 1	0	1, NA, NA, NA, NA, NA, NA, NA, NA, NA, NA, NA, NA, NA, NA, NA, NA	0.71, NaN, NaN, NaN, NaN, NaN, NaN, NaN, NaN, NaN, NaN, NaN, NaN, NaN, NaN, NaN, NaN	0.71, NA, NA, NA, NA, NA, NA, NA, NA, NA, NA, NA, NA, NA, NA, NA, NA	0.7	0.71	359.87	-0.19, 0, 0, 0, 0, 0, 0, 0, 0, 0, 0, 0, 0, 0, 0, 0, 0	-0.01	0.35	0.56	0.09	1.01	NA	NA	0e+00	43.02	189
pam_maximum_17	pam	maximum	dip_test	17	51	0.05	3.86e-03	NA	NA	1421, 1, 1, 1, 1, 1, 1, 1, 1, 1, 1, 1, 1, 1, 1, 1, 1	0	1, NA, NA, NA, NA, NA, NA, NA, NA, NA, NA, NA, NA, NA, NA, NA, NA	0.71, NaN, NaN, NaN, NaN, NaN, NaN, NaN, NaN, NaN, NaN, NaN, NaN, NaN, NaN, NaN, NaN	0.71, NA, NA, NA, NA, NA, NA, NA, NA, NA, NA, NA, NA, NA, NA, NA, NA	0.7	0.71	359.87	-0.19, 0, 0, 0, 0, 0, 0, 0, 0, 0, 0, 0, 0, 0, 0, 0, 0	-0.01	0.35	0.56	0.09	1.01	NA	NA	0e+00	43.02	189
hc_maximum_9	hc	maximum	dip_test	9	51	0.08	1.29e-09	NA	NA	1429, 1, 1, 1, 1, 1, 1, 1, 1	0	1, NA, NA, NA, NA, NA, NA, NA, NA	0.71, NaN, NaN, NaN, NaN, NaN, NaN, NaN, NaN	0.71, NA, NA, NA, NA, NA, NA, NA, NA	0.7	0.71	361.9	-0.16, 0, 0, 0, 0, 0, 0, 0, 0	-0.02	0.35	0.56	0.05	1.02	NA	NA	0e+00	43.01	191
pam_maximum_9	pam	maximum	dip_test	9	51	0.08	1.29e-09	NA	NA	1429, 1, 1, 1, 1, 1, 1, 1, 1	0	1, NA, NA, NA, NA, NA, NA, NA, NA	0.71, NaN, NaN, NaN, NaN, NaN, NaN, NaN, NaN	0.71, NA, NA, NA, NA, NA, NA, NA, NA	0.7	0.71	361.9	-0.16, 0, 0, 0, 0, 0, 0, 0, 0	-0.02	0.35	0.56	0.05	1.02	NA	NA	0e+00	43.01	191
hc_maximum_11	hc	maximum	dip_test	11	51	0.07	1.87e-08	NA	NA	1427, 1, 1, 1, 1, 1, 1, 1, 1, 1, 1	0	1, NA, NA, NA, NA, NA, NA, NA, NA, NA, NA	0.71, NaN, NaN, NaN, NaN, NaN, NaN, NaN, NaN, NaN, NaN	0.71, NA, NA, NA, NA, NA, NA, NA, NA, NA, NA	0.7	0.71	361.35	-0.18, 0, 0, 0, 0, 0, 0, 0, 0, 0, 0	-0.02	0.35	0.56	0.06	1.01	NA	NA	0e+00	43	193
pam_maximum_11	pam	maximum	dip_test	11	51	0.07	1.87e-08	NA	NA	1427, 1, 1, 1, 1, 1, 1, 1, 1, 1, 1	0	1, NA, NA, NA, NA, NA, NA, NA, NA, NA, NA	0.71, NaN, NaN, NaN, NaN, NaN, NaN, NaN, NaN, NaN, NaN	0.71, NA, NA, NA, NA, NA, NA, NA, NA, NA, NA	0.7	0.71	361.35	-0.18, 0, 0, 0, 0, 0, 0, 0, 0, 0, 0	-0.02	0.35	0.56	0.06	1.01	NA	NA	0e+00	43	193
hc_maximum_13	hc	maximum	dip_test	13	51	0.06	1.34e-04	NA	NA	1425, 1, 1, 1, 1, 1, 1, 1, 1, 1, 1, 1, 1	0	1, NA, NA, NA, NA, NA, NA, NA, NA, NA, NA, NA, NA	0.71, NaN, NaN, NaN, NaN, NaN, NaN, NaN, NaN, NaN, NaN, NaN, NaN	0.71, NA, NA, NA, NA, NA, NA, NA, NA, NA, NA, NA, NA	0.7	0.71	360.8	-0.18, 0, 0, 0, 0, 0, 0, 0, 0, 0, 0, 0, 0	-0.01	0.35	0.56	0.07	1	NA	NA	0e+00	43	195
pam_maximum_13	pam	maximum	dip_test	13	51	0.06	1.34e-04	NA	NA	1425, 1, 1, 1, 1, 1, 1, 1, 1, 1, 1, 1, 1	0	1, NA, NA, NA, NA, NA, NA, NA, NA, NA, NA, NA, NA	0.71, NaN, NaN, NaN, NaN, NaN, NaN, NaN, NaN, NaN, NaN, NaN, NaN	0.71, NA, NA, NA, NA, NA, NA, NA, NA, NA, NA, NA, NA	0.7	0.71	360.8	-0.18, 0, 0, 0, 0, 0, 0, 0, 0, 0, 0, 0, 0	-0.01	0.35	0.56	0.07	1	NA	NA	0e+00	43	195
hc_maximum_16	hc	maximum	dip_test	16	51	0.05	3.86e-03	NA	NA	1422, 1, 1, 1, 1, 1, 1, 1, 1, 1, 1, 1, 1, 1, 1, 1	0	1, NA, NA, NA, NA, NA, NA, NA, NA, NA, NA, NA, NA, NA, NA, NA	0.71, NaN, NaN, NaN, NaN, NaN, NaN, NaN, NaN, NaN, NaN, NaN, NaN, NaN, NaN, NaN	0.71, NA, NA, NA, NA, NA, NA, NA, NA, NA, NA, NA, NA, NA, NA, NA	0.7	0.71	360.15	-0.19, 0, 0, 0, 0, 0, 0, 0, 0, 0, 0, 0, 0, 0, 0, 0	-0.01	0.35	0.56	0.09	1.01	NA	NA	0e+00	42.97	197
pam_maximum_16	pam	maximum	dip_test	16	51	0.05	3.86e-03	NA	NA	1422, 1, 1, 1, 1, 1, 1, 1, 1, 1, 1, 1, 1, 1, 1, 1	0	1, NA, NA, NA, NA, NA, NA, NA, NA, NA, NA, NA, NA, NA, NA, NA	0.71, NaN, NaN, NaN, NaN, NaN, NaN, NaN, NaN, NaN, NaN, NaN, NaN, NaN, NaN, NaN	0.71, NA, NA, NA, NA, NA, NA, NA, NA, NA, NA, NA, NA, NA, NA, NA	0.7	0.71	360.15	-0.19, 0, 0, 0, 0, 0, 0, 0, 0, 0, 0, 0, 0, 0, 0, 0	-0.01	0.35	0.56	0.09	1.01	NA	NA	0e+00	42.97	197
hc_maximum_3	hc	maximum	dip_test	3	51	0.14	0e+00	NA	NA	1435, 1, 1	0	1, NA, NA	0.71, NaN, NaN	0.71, NA, NA	0.69	0.71	363.33	-0.09, 0, 0	-0.03	0.36	0.92	0.01	1.02	NA	NA	0e+00	42.95	199
pam_maximum_3	pam	maximum	dip_test	3	51	0.14	0e+00	NA	NA	1435, 1, 1	0	1, NA, NA	0.71, NaN, NaN	0.71, NA, NA	0.69	0.71	363.33	-0.09, 0, 0	-0.03	0.36	0.92	0.01	1.02	NA	NA	0e+00	42.95	199
hc_maximum_15	hc	maximum	dip_test	15	51	0.05	6.3e-03	NA	NA	1423, 1, 1, 1, 1, 1, 1, 1, 1, 1, 1, 1, 1, 1, 1	0	1, NA, NA, NA, NA, NA, NA, NA, NA, NA, NA, NA, NA, NA, NA	0.71, NaN, NaN, NaN, NaN, NaN, NaN, NaN, NaN, NaN, NaN, NaN, NaN, NaN, NaN	0.71, NA, NA, NA, NA, NA, NA, NA, NA, NA, NA, NA, NA, NA, NA	0.7	0.71	360.36	-0.18, 0, 0, 0, 0, 0, 0, 0, 0, 0, 0, 0, 0, 0, 0	-0.01	0.35	0.56	0.08	1.01	NA	NA	0e+00	42.91	201
pam_maximum_15	pam	maximum	dip_test	15	51	0.05	6.3e-03	NA	NA	1423, 1, 1, 1, 1, 1, 1, 1, 1, 1, 1, 1, 1, 1, 1	0	1, NA, NA, NA, NA, NA, NA, NA, NA, NA, NA, NA, NA, NA, NA	0.71, NaN, NaN, NaN, NaN, NaN, NaN, NaN, NaN, NaN, NaN, NaN, NaN, NaN, NaN	0.71, NA, NA, NA, NA, NA, NA, NA, NA, NA, NA, NA, NA, NA, NA	0.7	0.71	360.36	-0.18, 0, 0, 0, 0, 0, 0, 0, 0, 0, 0, 0, 0, 0, 0	-0.01	0.35	0.56	0.08	1.01	NA	NA	0e+00	42.91	201
hc_maximum_14	hc	maximum	dip_test	14	51	0.05	1.01e-02	NA	NA	1424, 1, 1, 1, 1, 1, 1, 1, 1, 1, 1, 1, 1, 1	0	1, NA, NA, NA, NA, NA, NA, NA, NA, NA, NA, NA, NA, NA	0.71, NaN, NaN, NaN, NaN, NaN, NaN, NaN, NaN, NaN, NaN, NaN, NaN, NaN	0.71, NA, NA, NA, NA, NA, NA, NA, NA, NA, NA, NA, NA, NA	0.7	0.71	360.61	-0.18, 0, 0, 0, 0, 0, 0, 0, 0, 0, 0, 0, 0, 0	-0.01	0.35	0.56	0.07	1.01	NA	NA	0e+00	42.83	203
pam_maximum_14	pam	maximum	dip_test	14	51	0.05	1.01e-02	NA	NA	1424, 1, 1, 1, 1, 1, 1, 1, 1, 1, 1, 1, 1, 1	0	1, NA, NA, NA, NA, NA, NA, NA, NA, NA, NA, NA, NA, NA	0.71, NaN, NaN, NaN, NaN, NaN, NaN, NaN, NaN, NaN, NaN, NaN, NaN, NaN	0.71, NA, NA, NA, NA, NA, NA, NA, NA, NA, NA, NA, NA, NA	0.7	0.71	360.61	-0.18, 0, 0, 0, 0, 0, 0, 0, 0, 0, 0, 0, 0, 0	-0.01	0.35	0.56	0.07	1.01	NA	NA	0e+00	42.83	203
hc_maximum_5	hc	maximum	dip_test	5	51	0.12	1.11e-16	NA	NA	1433, 1, 1, 1, 1	0	1, NA, NA, NA, NA	0.71, NaN, NaN, NaN, NaN	0.71, NA, NA, NA, NA	0.69	0.71	362.87	-0.13, 0, 0, 0, 0	-0.03	0.36	0.85	0.02	1.02	NA	NA	0e+00	42.83	205
pam_maximum_5	pam	maximum	dip_test	5	51	0.12	1.11e-16	NA	NA	1433, 1, 1, 1, 1	0	1, NA, NA, NA, NA	0.71, NaN, NaN, NaN, NaN	0.71, NA, NA, NA, NA	0.69	0.71	362.87	-0.13, 0, 0, 0, 0	-0.03	0.36	0.85	0.02	1.02	NA	NA	0e+00	42.83	205
hc_binary_12	hc	binary	dip_test	12	46	0.11	6.99e-01	NA	NA	1406, 7, 5, 2, 5, 5, 2, 1, 1, 1, 1, 1	0	0.98, 0.88, 0.78, 0.7, 0.75, 0.77, 0.82, NA, NA, NA, NA, NA	0.7, 0.75, 0.69, 0.7, 0.68, 0.67, 0.82, NaN, NaN, NaN, NaN, NaN	0.71, 0.75, 0.71, 0.7, 0.67, 0.65, 0.82, NA, NA, NA, NA, NA	0.84	0.7	354.55	0.11, 0, 0.13, 0.02, 0.15, 0.04, -0.1, 0, 0, 0, 0, 0	0.03	0.53	0.85	0.15	0.83	NA	NA	0e+00	42.68	207
hc_pearson_14	hc	pearson	dip_test	14	42	0.3	5.81e-01	NA	NA	1385, 23, 2, 1, 2, 7, 7, 1, 3, 2, 1, 1, 1, 1	0	0.99, 0.88, 0.68, NA, 0.71, 0.79, 0.74, NA, 0.59, 0.75, NA, NA, NA, NA	0.7, 0.71, 0.68, NaN, 0.71, 0.7, 0.66, NaN, 0.58, 0.75, NaN, NaN, NaN, NaN	0.7, 0.72, 0.68, NA, 0.71, 0.69, 0.67, NA, 0.59, 0.75, NA, NA, NA, NA	0.81	0.7	352.15	0.04, 0.05, 0.06, 0, 0.12, 0.08, 0.13, 0, 0.23, 0.04, 0, 0, 0, 0	0.05	0.49	1.01	0.22	0.86	NA	NA	0e+00	42.66	208
hc_maximum_7	hc	maximum	dip_test	7	51	0.09	4.34e-13	NA	NA	1431, 1, 1, 1, 1, 1, 1	0	1, NA, NA, NA, NA, NA, NA	0.71, NaN, NaN, NaN, NaN, NaN, NaN	0.71, NA, NA, NA, NA, NA, NA	0.69	0.71	362.38	-0.14, 0, 0, 0, 0, 0, 0	-0.02	0.36	0.56	0.03	1.02	NA	NA	0e+00	42.62	209
pam_maximum_7	pam	maximum	dip_test	7	51	0.09	4.34e-13	NA	NA	1431, 1, 1, 1, 1, 1, 1	0	1, NA, NA, NA, NA, NA, NA	0.71, NaN, NaN, NaN, NaN, NaN, NaN	0.71, NA, NA, NA, NA, NA, NA	0.69	0.71	362.38	-0.14, 0, 0, 0, 0, 0, 0	-0.02	0.36	0.56	0.03	1.02	NA	NA	0e+00	42.62	209
hc_maximum_8	hc	maximum	dip_test	8	51	0.09	5.1e-10	NA	NA	1430, 1, 1, 1, 1, 1, 1, 1	0	1, NA, NA, NA, NA, NA, NA, NA	0.71, NaN, NaN, NaN, NaN, NaN, NaN, NaN	0.71, NA, NA, NA, NA, NA, NA, NA	0.69	0.71	362.22	-0.15, 0, 0, 0, 0, 0, 0, 0	-0.02	0.35	0.56	0.04	1.03	NA	NA	0e+00	42.62	211
pam_maximum_8	pam	maximum	dip_test	8	51	0.09	5.1e-10	NA	NA	1430, 1, 1, 1, 1, 1, 1, 1	0	1, NA, NA, NA, NA, NA, NA, NA	0.71, NaN, NaN, NaN, NaN, NaN, NaN, NaN	0.71, NA, NA, NA, NA, NA, NA, NA	0.69	0.71	362.22	-0.15, 0, 0, 0, 0, 0, 0, 0	-0.02	0.35	0.56	0.04	1.03	NA	NA	0e+00	42.62	211
hc_canberra_15	hc	canberra	dip_test	15	49	0.06	9.94e-01	NA	NA	1403, 3, 5, 2, 4, 6, 5, 1, 1, 1, 2, 1, 1, 1, 1	0	0.98, 0.67, 0.78, 0.68, 0.78, 0.78, 0.77, NA, NA, NA, 0.75, NA, NA, NA, NA	0.7, 0.63, 0.69, 0.68, 0.72, 0.7, 0.67, NaN, NaN, NaN, 0.75, NaN, NaN, NaN, NaN	0.71, 0.63, 0.71, 0.68, 0.73, 0.71, 0.65, NA, NA, NA, 0.75, NA, NA, NA, NA	0.84	0.7	352.91	0.09, 0.16, 0.09, 0.07, 0.06, 0.11, 0.03, 0, 0, 0, 0.05, 0, 0, 0, 0	0.04	0.53	0.91	0.17	0.83	NA	NA	0e+00	42.33	213
hc_canberra_14	hc	canberra	dip_test	14	49	0.02	1e+00	NA	NA	1407, 3, 5, 2, 4, 2, 5, 2, 1, 2, 1, 1, 1, 1	0	0.98, 0.67, 0.78, 0.68, 0.78, 0.71, 0.77, 0.68, NA, 0.75, NA, NA, NA, NA	0.7, 0.63, 0.69, 0.68, 0.72, 0.71, 0.67, 0.68, NaN, 0.75, NaN, NaN, NaN, NaN	0.71, 0.63, 0.71, 0.68, 0.73, 0.71, 0.65, 0.68, NA, 0.75, NA, NA, NA, NA	0.84	0.7	354.04	0.09, 0.16, 0.09, 0.07, 0.06, 0.12, 0.05, 0.05, 0, 0.06, 0, 0, 0, 0	0.05	0.53	0.96	0.15	0.83	NA	NA	0e+00	42.18	214
hc_euclidean_7	hc	euclidean	dip_test	7	46	0.17	4.68e-01	NA	NA	1424, 5, 1, 3, 2, 1, 1	0	1, 0.63, NA, 0.58, 0.54, NA, NA	0.7, 0.58, NaN, 0.56, 0.54, NaN, NaN	0.71, 0.58, NA, 0.58, 0.54, NA, NA	0.75	0.7	360.93	-0.02, 0.14, 0, 0.15, 0.15, 0, 0	0.06	0.49	0.9	0.07	0.94	NA	NA	0e+00	41.96	215
hc_minkowski_7	hc	minkowski	dip_test	7	46	0.17	4.68e-01	NA	NA	1424, 5, 1, 3, 2, 1, 1	0	1, 0.63, NA, 0.58, 0.54, NA, NA	0.7, 0.58, NaN, 0.56, 0.54, NaN, NaN	0.71, 0.58, NA, 0.58, 0.54, NA, NA	0.75	0.7	360.93	-0.02, 0.14, 0, 0.15, 0.15, 0, 0	0.06	0.49	0.9	0.07	0.94	NA	NA	0e+00	41.96	215
hc_manhattan_8	hc	manhattan	dip_test	8	46	0.15	4.68e-01	NA	NA	1421, 6, 1, 2, 4, 1, 1, 1	0	1, 0.66, NA, 0.52, 0.64, NA, NA, NA	0.7, 0.6, NaN, 0.52, 0.59, NaN, NaN, NaN	0.71, 0.61, NA, 0.52, 0.6, NA, NA, NA	0.75	0.7	360.3	-0.03, 0.12, 0, 0.21, 0.14, 0, 0, 0	0.06	0.43	0.94	0.08	0.94	NA	NA	0e+00	41.7	217
hc_canberra_16	hc	canberra	dip_test	16	49	0.04	1e+00	NA	NA	1404, 3, 5, 2, 4, 5, 5, 1, 1, 1, 1, 1, 1, 1, 1, 1	0	0.98, 0.67, 0.78, 0.68, 0.78, 0.75, 0.77, NA, NA, NA, NA, NA, NA, NA, NA, NA	0.7, 0.63, 0.69, 0.68, 0.72, 0.68, 0.67, NaN, NaN, NaN, NaN, NaN, NaN, NaN, NaN, NaN	0.71, 0.63, 0.71, 0.68, 0.73, 0.67, 0.65, NA, NA, NA, NA, NA, NA, NA, NA, NA	0.84	0.7	352.78	0.09, 0.16, 0.09, 0.05, 0.06, 0.07, 0.03, 0, 0, 0, 0, 0, 0, 0, 0, 0	0.03	0.53	0.94	0.17	0.83	NA	NA	0e+00	41.6	218
hc_pearson_10	hc	pearson	dip_test	10	46	0.07	9.67e-01	NA	NA	1386, 22, 3, 1, 3, 8, 8, 1, 3, 2	0	0.99, 0.88, 0.82, NA, 0.73, 0.81, 0.81, NA, 0.59, 0.75	0.7, 0.7, 0.73, NaN, 0.72, 0.71, 0.69, NaN, 0.58, 0.75	0.7, 0.71, 0.7, NA, 0.73, 0.72, 0.68, NA, 0.59, 0.75	0.81	0.7	353.24	0.06, 0.07, 0.05, 0, 0.09, 0.12, 0.12, 0, 0.23, 0.06	0.08	0.49	1.02	0.21	0.86	NA	NA	0e+00	40.93	219
pam_pearson_4	pam	pearson	dip_test	4	20	0.15	1.29e-09	NA	NA	233, 450, 619, 135	0	0.95, 0.96, 0.94, 0.94	0.65, 0.68, 0.63, 0.57	0.66, 0.68, 0.64, 0.56	0.73	0.64	304.49	0.07, 0.07, 0.03, 0.12	0.07	0.37	0.96	1.24	0.88	NA	NA	2.57e-85	40.52	220
hc_pearson_13	hc	pearson	dip_test	13	45	0.12	9.06e-01	NA	NA	1384, 24, 3, 2, 7, 7, 1, 3, 2, 1, 1, 1, 1	0	0.99, 0.88, 0.8, 0.71, 0.79, 0.74, NA, 0.59, 0.75, NA, NA, NA, NA	0.7, 0.7, 0.74, 0.71, 0.7, 0.66, NaN, 0.58, 0.75, NaN, NaN, NaN, NaN	0.7, 0.72, 0.74, 0.71, 0.69, 0.67, NA, 0.59, 0.75, NA, NA, NA, NA	0.81	0.7	352.29	0.04, 0.06, 0.01, 0.12, 0.08, 0.13, 0, 0.25, 0.04, 0, 0, 0, 0	0.06	0.49	1.02	0.23	0.86	NA	NA	0e+00	40.44	221
km_euclidean_3	km	euclidean	dip_test	3	22	0.31	0e+00	NA	NA	262, 538, 637	0	0.9, 0.97, 0.88	0.66, 0.72, 0.6	0.67, 0.72, 0.61	0.74	0.66	316.43	0.06, 0.02, 0.14	0.07	0.38	0.98	1.04	0.89	NA	NA	5.73e-35	40.37	222
hc_binary_17	hc	binary	dip_test	17	43	0.1	8.13e-01	NA	NA	1395, 15, 3, 3, 2, 1, 1, 3, 5, 1, 1, 1, 2, 1, 1, 1, 1	0	0.98, 0.79, 0.67, 0.7, 0.7, NA, NA, 0.74, 0.77, NA, NA, NA, 0.54, NA, NA, NA, NA	0.7, 0.66, 0.63, 0.65, 0.7, NaN, NaN, 0.7, 0.67, NaN, NaN, NaN, 0.54, NaN, NaN, NaN, NaN	0.7, 0.66, 0.63, 0.64, 0.7, NA, NA, 0.72, 0.65, NA, NA, NA, 0.54, NA, NA, NA, NA	0.83	0.7	350.97	0.08, 0.08, 0.16, 0.11, 0.01, 0, 0, 0.05, 0.03, 0, 0, 0, 0.26, 0, 0, 0, 0	0.05	0.53	0.97	0.2	0.84	NA	NA	0e+00	40.34	223
hc_canberra_17	hc	canberra	dip_test	17	45	0.1	9.06e-01	NA	NA	1404, 3, 5, 2, 1, 2, 4, 3, 5, 1, 1, 1, 1, 1, 1, 1, 1	0	0.98, 0.67, 0.78, 0.68, NA, 0.71, 0.78, 0.74, 0.77, NA, NA, NA, NA, NA, NA, NA, NA	0.7, 0.63, 0.69, 0.68, NaN, 0.71, 0.69, 0.7, 0.67, NaN, NaN, NaN, NaN, NaN, NaN, NaN, NaN	0.71, 0.63, 0.71, 0.68, NA, 0.71, 0.69, 0.72, 0.65, NA, NA, NA, NA, NA, NA, NA, NA	0.84	0.7	352.54	0.09, 0.16, 0.09, 0.06, 0, -0.02, 0.01, 0.06, 0.03, 0, 0, 0, 0, 0, 0, 0, 0	0.03	0.53	0.95	0.17	0.83	NA	NA	0e+00	40.12	224
hc_maximum_2	hc	maximum	dip_test	2	51	0.01	1.98e-02	NA	NA	1436, 1	0	1, NA	0.71, NaN	0.71, NA	0.65	0.71	363.62	-0.08, 0	-0.04	0.36	0.92	0.01	1.08	NA	NA	1.42e-313	39.71	225
pam_maximum_2	pam	maximum	dip_test	2	51	0.01	1.98e-02	NA	NA	1436, 1	0	1, NA	0.71, NaN	0.71, NA	0.65	0.71	363.62	-0.08, 0	-0.04	0.36	0.92	0.01	1.08	NA	NA	1.42e-313	39.71	225
hc_binary_14	hc	binary	dip_test	14	45	0.08	9.67e-01	NA	NA	1406, 3, 5, 2, 4, 5, 5, 1, 1, 1, 1, 1, 1, 1	0	0.98, 0.67, 0.78, 0.7, 0.78, 0.75, 0.77, NA, NA, NA, NA, NA, NA, NA	0.7, 0.63, 0.69, 0.7, 0.72, 0.68, 0.67, NaN, NaN, NaN, NaN, NaN, NaN, NaN	0.71, 0.63, 0.71, 0.7, 0.73, 0.67, 0.65, NA, NA, NA, NA, NA, NA, NA	0.84	0.7	353.69	0.09, 0.16, 0.12, 0.01, 0.02, 0.15, 0.04, 0, 0, 0, 0, 0, 0, 0	0.04	0.53	0.94	0.15	0.83	NA	NA	0e+00	39.62	227
hc_pearson_16	hc	pearson	dip_test	16	30	0.37	1.11e-01	NA	NA	1383, 17, 6, 3, 2, 1, 2, 7, 7, 1, 3, 1, 1, 1, 1, 1	0	0.98, 0.88, 0.78, 0.7, 0.68, NA, 0.71, 0.79, 0.74, NA, 0.59, NA, NA, NA, NA, NA	0.7, 0.68, 0.64, 0.65, 0.68, NaN, 0.71, 0.7, 0.66, NaN, 0.58, NaN, NaN, NaN, NaN, NaN	0.7, 0.68, 0.65, 0.64, 0.68, NA, 0.71, 0.69, 0.67, NA, 0.59, NA, NA, NA, NA, NA	0.81	0.7	350.66	0.03, 0.06, 0.13, 0.19, 0.06, 0, 0.12, 0.07, 0.13, 0, 0.22, 0, 0, 0, 0, 0	0.06	0.49	1.05	0.24	0.86	NA	NA	0e+00	39.61	228
hc_pearson_12	hc	pearson	dip_test	12	46	0.03	1e+00	NA	NA	1383, 24, 3, 2, 1, 2, 7, 9, 1, 3, 1, 1	0	0.99, 0.88, 0.82, 0.73, NA, 0.71, 0.79, 0.87, NA, 0.59, NA, NA	0.7, 0.7, 0.73, 0.73, NaN, 0.71, 0.7, 0.72, NaN, 0.58, NaN, NaN	0.7, 0.72, 0.7, 0.73, NA, 0.71, 0.69, 0.7, NA, 0.59, NA, NA	0.81	0.7	352.6	0.05, 0.06, 0.05, 0.04, 0, 0.12, 0.09, 0.07, 0, 0.23, 0, 0	0.06	0.49	1.04	0.23	0.86	NA	NA	0e+00	39.33	229
hc_binary_15	hc	binary	dip_test	15	45	0.06	1e+00	NA	NA	1396, 11, 3, 5, 2, 1, 5, 3, 5, 1, 1, 1, 1, 1, 1	0	0.98, 0.78, 0.67, 0.78, 0.7, NA, 0.75, 0.74, 0.77, NA, NA, NA, NA, NA, NA	0.7, 0.65, 0.63, 0.69, 0.7, NaN, 0.68, 0.7, 0.67, NaN, NaN, NaN, NaN, NaN, NaN	0.7, 0.64, 0.63, 0.71, 0.7, NA, 0.67, 0.72, 0.65, NA, NA, NA, NA, NA, NA	0.83	0.7	351.77	0.08, 0.07, 0.16, 0.11, 0.02, 0, 0.02, 0.05, 0.04, 0, 0, 0, 0, 0, 0	0.04	0.53	0.99	0.19	0.84	NA	NA	0e+00	38.99	230
hc_binary_16	hc	binary	dip_test	16	45	0.01	1e+00	NA	NA	1395, 14, 3, 5, 2, 1, 2, 3, 5, 1, 1, 1, 1, 1, 1, 1	0	0.98, 0.78, 0.67, 0.78, 0.7, NA, 0.71, 0.74, 0.77, NA, NA, NA, NA, NA, NA, NA	0.7, 0.66, 0.63, 0.69, 0.7, NaN, 0.71, 0.7, 0.67, NaN, NaN, NaN, NaN, NaN, NaN, NaN	0.7, 0.65, 0.63, 0.71, 0.7, NA, 0.71, 0.72, 0.65, NA, NA, NA, NA, NA, NA, NA	0.83	0.7	351.33	0.09, 0.09, 0.16, 0.12, 0.01, 0, 0.01, 0.05, 0.04, 0, 0, 0, 0, 0, 0, 0	0.04	0.53	0.95	0.2	0.84	NA	NA	0e+00	38.58	231
hc_pearson_7	hc	pearson	dip_test	7	38	0.13	8.13e-01	NA	NA	1405, 3, 4, 6, 8, 10, 1	0	0.99, 0.82, 0.8, 0.78, 0.81, 0.87, NA	0.7, 0.73, 0.67, 0.7, 0.71, 0.73, NaN	0.71, 0.7, 0.66, 0.71, 0.72, 0.74, NA	0.84	0.7	356.08	0.09, 0.09, 0.16, 0.1, 0.12, 0.09, 0	0.09	0.55	1.08	0.14	0.84	NA	NA	0e+00	38.42	232
hc_euclidean_8	hc	euclidean	dip_test	8	45	0.15	6.99e-01	NA	NA	1417, 5, 1, 7, 3, 2, 1, 1	0	1, 0.63, NA, 0.67, 0.58, 0.54, NA, NA	0.7, 0.58, NaN, 0.55, 0.56, 0.54, NaN, NaN	0.71, 0.58, NA, 0.57, 0.58, 0.54, NA, NA	0.73	0.7	360.16	-0.05, 0.12, 0, 0.15, 0.15, 0.15, 0, 0	0.07	0.45	0.9	0.1	0.96	NA	NA	0e+00	38.37	233
hc_minkowski_8	hc	minkowski	dip_test	8	45	0.15	6.99e-01	NA	NA	1417, 5, 1, 7, 3, 2, 1, 1	0	1, 0.63, NA, 0.67, 0.58, 0.54, NA, NA	0.7, 0.58, NaN, 0.55, 0.56, 0.54, NaN, NaN	0.71, 0.58, NA, 0.57, 0.58, 0.54, NA, NA	0.73	0.7	360.16	-0.05, 0.12, 0, 0.15, 0.15, 0.15, 0, 0	0.07	0.45	0.9	0.1	0.96	NA	NA	0e+00	38.37	233
hc_spearman_10	hc	spearman	dip_test	10	24	0.56	1.01e-02	NA	NA	1391, 20, 3, 3, 4, 5, 8, 1, 1, 1	0	0.98, 0.88, 0.7, 0.82, 0.8, 0.78, 0.81, NA, NA, NA	0.7, 0.7, 0.65, 0.73, 0.67, 0.71, 0.71, NaN, NaN, NaN	0.7, 0.72, 0.64, 0.7, 0.66, 0.72, 0.72, NA, NA, NA	0.82	0.7	353.57	0.07, 0.08, 0.2, 0.08, 0.13, 0.1, 0.07, 0, 0, 0	0.07	0.49	1.06	0.2	0.85	NA	NA	0e+00	38.33	235
hc_euclidean_17	hc	euclidean	dip_test	17	46	0.01	1e+00	NA	NA	6, 125, 1258, 4, 6, 5, 2, 11, 1, 3, 6, 2, 3, 2, 1, 1, 1	0	0.67, 0.83, 0.97, 0.7, 0.68, 0.68, 0.65, 0.67, NA, 0.65, 0.62, 0.52, 0.63, 0.54, NA, NA, NA	0.58, 0.59, 0.7, 0.64, 0.58, 0.61, 0.65, 0.6, NaN, 0.59, 0.52, 0.52, 0.61, 0.54, NaN, NaN, NaN	0.59, 0.58, 0.71, 0.65, 0.57, 0.62, 0.65, 0.61, NA, 0.62, 0.53, 0.52, 0.61, 0.54, NA, NA, NA	0.73	0.68	340.89	0.06, 0.04, -0.07, 0.02, 0.1, 0.03, -0.04, 0.06, 0, 0.06, 0.16, 0.17, 0.01, 0.12, 0, 0, 0	0.04	0.43	0.89	0.54	0.93	NA	NA	0e+00	38.19	236
hc_minkowski_17	hc	minkowski	dip_test	17	46	0.01	1e+00	NA	NA	6, 125, 1258, 4, 6, 5, 2, 11, 1, 3, 6, 2, 3, 2, 1, 1, 1	0	0.67, 0.83, 0.97, 0.7, 0.68, 0.68, 0.65, 0.67, NA, 0.65, 0.62, 0.52, 0.63, 0.54, NA, NA, NA	0.58, 0.59, 0.7, 0.64, 0.58, 0.61, 0.65, 0.6, NaN, 0.59, 0.52, 0.52, 0.61, 0.54, NaN, NaN, NaN	0.59, 0.58, 0.71, 0.65, 0.57, 0.62, 0.65, 0.61, NA, 0.62, 0.53, 0.52, 0.61, 0.54, NA, NA, NA	0.73	0.68	340.89	0.06, 0.04, -0.07, 0.02, 0.1, 0.03, -0.04, 0.06, 0, 0.06, 0.16, 0.17, 0.01, 0.12, 0, 0, 0	0.04	0.43	0.89	0.54	0.93	NA	NA	0e+00	38.19	236
hc_euclidean_15	hc	euclidean	dip_test	15	42	0.06	8.13e-01	NA	NA	6, 131, 1260, 5, 5, 2, 11, 1, 6, 2, 3, 2, 1, 1, 1	0	0.67, 0.85, 0.97, 0.61, 0.68, 0.65, 0.67, NA, 0.62, 0.52, 0.63, 0.54, NA, NA, NA	0.58, 0.59, 0.7, 0.55, 0.61, 0.65, 0.6, NaN, 0.52, 0.52, 0.61, 0.54, NaN, NaN, NaN	0.59, 0.59, 0.71, 0.55, 0.62, 0.65, 0.61, NA, 0.53, 0.52, 0.61, 0.54, NA, NA, NA	0.74	0.69	341.75	0.06, 0.03, -0.06, 0.14, 0.03, -0.04, 0.06, 0, 0.16, 0.17, 0.01, 0.15, 0, 0, 0	0.05	0.43	0.89	0.52	0.93	NA	NA	0e+00	37.44	238
hc_minkowski_15	hc	minkowski	dip_test	15	42	0.06	8.13e-01	NA	NA	6, 131, 1260, 5, 5, 2, 11, 1, 6, 2, 3, 2, 1, 1, 1	0	0.67, 0.85, 0.97, 0.61, 0.68, 0.65, 0.67, NA, 0.62, 0.52, 0.63, 0.54, NA, NA, NA	0.58, 0.59, 0.7, 0.55, 0.61, 0.65, 0.6, NaN, 0.52, 0.52, 0.61, 0.54, NaN, NaN, NaN	0.59, 0.59, 0.71, 0.55, 0.62, 0.65, 0.61, NA, 0.53, 0.52, 0.61, 0.54, NA, NA, NA	0.74	0.69	341.75	0.06, 0.03, -0.06, 0.14, 0.03, -0.04, 0.06, 0, 0.16, 0.17, 0.01, 0.15, 0, 0, 0	0.05	0.43	0.89	0.52	0.93	NA	NA	0e+00	37.44	238
hc_manhattan_12	hc	manhattan	dip_test	12	44	0.26	8.13e-01	NA	NA	1408, 4, 2, 6, 1, 7, 2, 3, 1, 1, 1, 1	0	1, 0.55, 0.65, 0.66, NA, 0.62, 0.52, 0.61, NA, NA, NA, NA	0.7, 0.52, 0.65, 0.6, NaN, 0.53, 0.52, 0.58, NaN, NaN, NaN, NaN	0.71, 0.52, 0.65, 0.61, NA, 0.53, 0.52, 0.59, NA, NA, NA, NA	0.73	0.7	358.34	-0.08, 0.19, 0.04, 0.11, 0, 0.15, 0.21, 0.13, 0, 0, 0, 0	0.06	0.43	0.89	0.14	0.96	NA	NA	0e+00	37.32	240
hc_euclidean_14	hc	euclidean	dip_test	14	39	0.09	6.99e-01	NA	NA	6, 131, 1264, 5, 4, 2, 11, 1, 6, 2, 2, 1, 1, 1	0	0.67, 0.85, 0.97, 0.61, 0.64, 0.65, 0.67, NA, 0.62, 0.52, 0.54, NA, NA, NA	0.58, 0.59, 0.7, 0.55, 0.6, 0.65, 0.6, NaN, 0.52, 0.52, 0.54, NaN, NaN, NaN	0.59, 0.59, 0.71, 0.55, 0.6, 0.65, 0.61, NA, 0.53, 0.52, 0.54, NA, NA, NA	0.74	0.69	342.27	0.06, 0.02, -0.06, 0.14, 0.07, -0.04, 0.07, 0, 0.16, 0.21, 0.15, 0, 0, 0	0.06	0.43	0.89	0.5	0.93	NA	NA	0e+00	36.98	241
hc_minkowski_14	hc	minkowski	dip_test	14	39	0.09	6.99e-01	NA	NA	6, 131, 1264, 5, 4, 2, 11, 1, 6, 2, 2, 1, 1, 1	0	0.67, 0.85, 0.97, 0.61, 0.64, 0.65, 0.67, NA, 0.62, 0.52, 0.54, NA, NA, NA	0.58, 0.59, 0.7, 0.55, 0.6, 0.65, 0.6, NaN, 0.52, 0.52, 0.54, NaN, NaN, NaN	0.59, 0.59, 0.71, 0.55, 0.6, 0.65, 0.61, NA, 0.53, 0.52, 0.54, NA, NA, NA	0.74	0.69	342.27	0.06, 0.02, -0.06, 0.14, 0.07, -0.04, 0.07, 0, 0.16, 0.21, 0.15, 0, 0, 0	0.06	0.43	0.89	0.5	0.93	NA	NA	0e+00	36.98	241
hc_manhattan_11	hc	manhattan	dip_test	11	46	0.1	9.06e-01	NA	NA	1408, 4, 2, 6, 1, 8, 2, 3, 1, 1, 1	0	1, 0.55, 0.65, 0.66, NA, 0.67, 0.52, 0.61, NA, NA, NA	0.7, 0.52, 0.65, 0.6, NaN, 0.55, 0.52, 0.58, NaN, NaN, NaN	0.71, 0.52, 0.65, 0.61, NA, 0.55, 0.52, 0.59, NA, NA, NA	0.73	0.7	358.58	-0.07, 0.19, 0.05, 0.11, 0, 0.15, 0.21, 0.13, 0, 0, 0	0.07	0.43	0.92	0.14	0.96	NA	NA	0e+00	36.81	243
hc_euclidean_12	hc	euclidean	dip_test	12	27	0.27	2.43e-02	NA	NA	145, 1260, 5, 4, 2, 5, 1, 9, 2, 2, 1, 1	0	0.85, 0.97, 0.61, 0.64, 0.65, 0.63, NA, 0.67, 0.52, 0.54, NA, NA	0.6, 0.7, 0.55, 0.6, 0.65, 0.58, NaN, 0.55, 0.52, 0.54, NaN, NaN	0.6, 0.71, 0.55, 0.6, 0.65, 0.58, NA, 0.54, 0.52, 0.54, NA, NA	0.74	0.69	343.18	0.06, -0.06, 0.16, 0.07, -0.04, 0.12, 0, 0.16, 0.21, 0.15, 0, 0	0.07	0.43	0.89	0.48	0.93	NA	NA	0e+00	36.63	244
hc_minkowski_12	hc	minkowski	dip_test	12	27	0.27	2.43e-02	NA	NA	145, 1260, 5, 4, 2, 5, 1, 9, 2, 2, 1, 1	0	0.85, 0.97, 0.61, 0.64, 0.65, 0.63, NA, 0.67, 0.52, 0.54, NA, NA	0.6, 0.7, 0.55, 0.6, 0.65, 0.58, NaN, 0.55, 0.52, 0.54, NaN, NaN	0.6, 0.71, 0.55, 0.6, 0.65, 0.58, NA, 0.54, 0.52, 0.54, NA, NA	0.74	0.69	343.18	0.06, -0.06, 0.16, 0.07, -0.04, 0.12, 0, 0.16, 0.21, 0.15, 0, 0	0.07	0.43	0.89	0.48	0.93	NA	NA	0e+00	36.63	244
hc_manhattan_9	hc	manhattan	dip_test	9	45	0.1	8.13e-01	NA	NA	6, 1411, 6, 1, 8, 2, 1, 1, 1	0	0.67, 1, 0.66, NA, 0.67, 0.52, NA, NA, NA	0.58, 0.7, 0.6, NaN, 0.55, 0.52, NaN, NaN, NaN	0.59, 0.71, 0.61, NA, 0.55, 0.52, NA, NA, NA	0.73	0.7	359.24	0.11, -0.06, 0.11, 0, 0.15, 0.21, 0, 0, 0	0.06	0.43	0.94	0.12	0.96	NA	NA	0e+00	36.36	246
pam_euclidean_3	pam	euclidean	dip_test	3	22	0.28	0e+00	NA	NA	756, 380, 301	0	0.93, 0.9, 1	0.63, 0.66, 0.77	0.64, 0.66, 0.77	0.74	0.67	325.82	0.11, 0.07, -0.05	0.04	0.33	0.92	1.02	0.9	NA	NA	2.57e-54	36.01	247
pam_minkowski_3	pam	minkowski	dip_test	3	22	0.28	0e+00	NA	NA	756, 380, 301	0	0.93, 0.9, 1	0.63, 0.66, 0.77	0.64, 0.66, 0.77	0.74	0.67	325.82	0.11, 0.07, -0.05	0.04	0.33	0.92	1.02	0.9	NA	NA	2.57e-54	36.01	247
hc_manhattan_10	hc	manhattan	dip_test	10	45	0.1	9.67e-01	NA	NA	1410, 4, 6, 1, 8, 2, 3, 1, 1, 1	0	1, 0.55, 0.66, NA, 0.67, 0.52, 0.61, NA, NA, NA	0.7, 0.52, 0.6, NaN, 0.55, 0.52, 0.58, NaN, NaN, NaN	0.71, 0.52, 0.61, NA, 0.55, 0.52, 0.59, NA, NA, NA	0.73	0.7	358.9	-0.07, 0.19, 0.11, 0, 0.16, 0.21, 0.13, 0, 0, 0	0.07	0.43	0.92	0.13	0.96	NA	NA	0e+00	35.39	249
hc_manhattan_13	hc	manhattan	dip_test	13	38	0.25	5.81e-01	NA	NA	3, 1405, 4, 2, 6, 1, 7, 2, 3, 1, 1, 1, 1	0	0.58, 1, 0.55, 0.65, 0.66, NA, 0.62, 0.52, 0.61, NA, NA, NA, NA	0.52, 0.7, 0.52, 0.65, 0.6, NaN, 0.53, 0.52, 0.58, NaN, NaN, NaN, NaN	0.52, 0.71, 0.52, 0.65, 0.61, NA, 0.53, 0.52, 0.59, NA, NA, NA, NA	0.73	0.7	357.74	0.14, -0.08, 0.19, 0.04, 0.1, 0, 0.14, 0.21, 0.04, 0, 0, 0, 0	0.06	0.43	0.86	0.16	0.96	NA	NA	0e+00	35.05	250
hc_pearson_15	hc	pearson	dip_test	15	38	0.12	1e+00	NA	NA	1385, 17, 6, 2, 1, 2, 7, 7, 1, 3, 2, 1, 1, 1, 1	0	0.99, 0.88, 0.78, 0.68, NA, 0.71, 0.79, 0.74, NA, 0.59, 0.75, NA, NA, NA, NA	0.7, 0.68, 0.64, 0.68, NaN, 0.71, 0.7, 0.66, NaN, 0.58, 0.75, NaN, NaN, NaN, NaN	0.7, 0.68, 0.65, 0.68, NA, 0.71, 0.69, 0.67, NA, 0.59, 0.75, NA, NA, NA, NA	0.81	0.7	351.43	0.03, 0.06, 0.13, 0.06, 0, 0.12, 0.08, 0.13, 0, 0.22, 0.04, 0, 0, 0, 0	0.06	0.49	1	0.23	0.86	NA	NA	0e+00	34.33	251
hc_euclidean_10	hc	euclidean	dip_test	10	32	0.31	2.81e-01	NA	NA	6, 1410, 2, 5, 1, 7, 2, 2, 1, 1	0	0.67, 1, 0.65, 0.63, NA, 0.67, 0.52, 0.54, NA, NA	0.58, 0.7, 0.65, 0.58, NaN, 0.55, 0.52, 0.54, NaN, NaN	0.59, 0.71, 0.65, 0.58, NA, 0.57, 0.52, 0.54, NA, NA	0.74	0.7	358.68	0.11, -0.06, -0.04, 0.13, 0, 0.14, 0.21, 0.15, 0, 0	0.06	0.43	0.88	0.13	0.95	NA	NA	0e+00	34.31	252
hc_minkowski_10	hc	minkowski	dip_test	10	32	0.31	2.81e-01	NA	NA	6, 1410, 2, 5, 1, 7, 2, 2, 1, 1	0	0.67, 1, 0.65, 0.63, NA, 0.67, 0.52, 0.54, NA, NA	0.58, 0.7, 0.65, 0.58, NaN, 0.55, 0.52, 0.54, NaN, NaN	0.59, 0.71, 0.65, 0.58, NA, 0.57, 0.52, 0.54, NA, NA	0.74	0.7	358.68	0.11, -0.06, -0.04, 0.13, 0, 0.14, 0.21, 0.15, 0, 0	0.06	0.43	0.88	0.13	0.95	NA	NA	0e+00	34.31	252
hc_euclidean_13	hc	euclidean	dip_test	13	32	0.13	4.68e-01	NA	NA	142, 1265, 5, 4, 2, 5, 1, 6, 2, 2, 1, 1, 1	0	0.85, 0.97, 0.61, 0.64, 0.65, 0.63, NA, 0.62, 0.52, 0.54, NA, NA, NA	0.6, 0.7, 0.55, 0.6, 0.65, 0.58, NaN, 0.52, 0.52, 0.54, NaN, NaN, NaN	0.6, 0.71, 0.55, 0.6, 0.65, 0.58, NA, 0.53, 0.52, 0.54, NA, NA, NA	0.74	0.69	343.14	0.07, -0.06, 0.16, 0.08, -0.04, 0.11, 0, 0.16, 0.21, 0.15, 0, 0, 0	0.06	0.43	0.89	0.47	0.93	NA	NA	0e+00	34.18	254
hc_minkowski_13	hc	minkowski	dip_test	13	32	0.13	4.68e-01	NA	NA	142, 1265, 5, 4, 2, 5, 1, 6, 2, 2, 1, 1, 1	0	0.85, 0.97, 0.61, 0.64, 0.65, 0.63, NA, 0.62, 0.52, 0.54, NA, NA, NA	0.6, 0.7, 0.55, 0.6, 0.65, 0.58, NaN, 0.52, 0.52, 0.54, NaN, NaN, NaN	0.6, 0.71, 0.55, 0.6, 0.65, 0.58, NA, 0.53, 0.52, 0.54, NA, NA, NA	0.74	0.69	343.14	0.07, -0.06, 0.16, 0.08, -0.04, 0.11, 0, 0.16, 0.21, 0.15, 0, 0, 0	0.06	0.43	0.89	0.47	0.93	NA	NA	0e+00	34.18	254
hc_euclidean_16	hc	euclidean	dip_test	16	41	0.03	9.94e-01	NA	NA	6, 124, 1261, 2, 8, 5, 2, 12, 1, 3, 6, 2, 2, 1, 1, 1	0	0.67, 0.83, 0.97, 0.65, 0.71, 0.68, 0.65, 0.67, NA, 0.65, 0.62, 0.52, 0.54, NA, NA, NA	0.58, 0.59, 0.7, 0.65, 0.62, 0.61, 0.65, 0.59, NaN, 0.59, 0.52, 0.52, 0.54, NaN, NaN, NaN	0.59, 0.58, 0.71, 0.65, 0.63, 0.62, 0.65, 0.6, NA, 0.62, 0.53, 0.52, 0.54, NA, NA, NA	0.73	0.69	341.4	0.06, 0.04, -0.06, 0.02, 0.01, 0.04, -0.04, 0.08, 0, 0.06, 0.16, 0.21, 0.12, 0, 0, 0	0.04	0.43	0.89	0.53	0.93	NA	NA	0e+00	33.73	256
hc_minkowski_16	hc	minkowski	dip_test	16	41	0.03	9.94e-01	NA	NA	6, 124, 1261, 2, 8, 5, 2, 12, 1, 3, 6, 2, 2, 1, 1, 1	0	0.67, 0.83, 0.97, 0.65, 0.71, 0.68, 0.65, 0.67, NA, 0.65, 0.62, 0.52, 0.54, NA, NA, NA	0.58, 0.59, 0.7, 0.65, 0.62, 0.61, 0.65, 0.59, NaN, 0.59, 0.52, 0.52, 0.54, NaN, NaN, NaN	0.59, 0.58, 0.71, 0.65, 0.63, 0.62, 0.65, 0.6, NA, 0.62, 0.53, 0.52, 0.54, NA, NA, NA	0.73	0.69	341.4	0.06, 0.04, -0.06, 0.02, 0.01, 0.04, -0.04, 0.08, 0, 0.06, 0.16, 0.21, 0.12, 0, 0, 0	0.04	0.43	0.89	0.53	0.93	NA	NA	0e+00	33.73	256
hc_spearman_13	hc	spearman	dip_test	13	16	0.18	1.11e-01	NA	NA	875, 460, 55, 23, 3, 1, 7, 6, 1, 3, 1, 1, 1	0	0.94, 0.96, 0.86, 0.88, 0.82, NA, 0.79, 0.72, NA, 0.59, NA, NA, NA	0.66, 0.67, 0.68, 0.7, 0.73, NaN, 0.7, 0.62, NaN, 0.58, NaN, NaN, NaN	0.66, 0.67, 0.68, 0.72, 0.7, NA, 0.69, 0.62, NA, 0.59, NA, NA, NA	0.75	0.66	316.84	0.07, 0.07, 0.06, 0.05, 0.05, 0, 0.09, 0.15, 0, 0.21, 0, 0, 0	0.06	0.47	1	0.96	0.88	NA	NA	0e+00	33.56	258
hc_pearson_17	hc	pearson	dip_test	17	24	0.19	3.67e-01	NA	NA	1382, 17, 6, 3, 2, 1, 2, 7, 7, 1, 3, 1, 1, 1, 1, 1, 1	0	0.98, 0.88, 0.78, 0.7, 0.68, NA, 0.71, 0.79, 0.74, NA, 0.59, NA, NA, NA, NA, NA, NA	0.7, 0.68, 0.64, 0.65, 0.68, NaN, 0.71, 0.7, 0.66, NaN, 0.58, NaN, NaN, NaN, NaN, NaN, NaN	0.7, 0.68, 0.65, 0.64, 0.68, NA, 0.71, 0.69, 0.67, NA, 0.59, NA, NA, NA, NA, NA, NA	0.81	0.7	350.21	0.03, 0.06, 0.13, 0.19, 0.06, 0, 0.12, 0.07, 0.13, 0, 0.22, 0, 0, 0, 0, 0, 0	0.06	0.49	1.05	0.25	0.86	NA	NA	0e+00	30.83	259
hc_euclidean_11	hc	euclidean	dip_test	11	23	0.29	5.41e-02	NA	NA	6, 1405, 5, 2, 5, 1, 7, 2, 2, 1, 1	0	0.67, 1, 0.61, 0.65, 0.63, NA, 0.67, 0.52, 0.54, NA, NA	0.58, 0.7, 0.55, 0.65, 0.58, NaN, 0.55, 0.52, 0.54, NaN, NaN	0.59, 0.71, 0.55, 0.65, 0.58, NA, 0.57, 0.52, 0.54, NA, NA	0.74	0.7	357.89	0.11, -0.06, 0.16, -0.04, 0.12, 0, 0.14, 0.21, 0.15, 0, 0	0.07	0.43	0.88	0.15	0.95	NA	NA	0e+00	30.14	260
hc_minkowski_11	hc	minkowski	dip_test	11	23	0.29	5.41e-02	NA	NA	6, 1405, 5, 2, 5, 1, 7, 2, 2, 1, 1	0	0.67, 1, 0.61, 0.65, 0.63, NA, 0.67, 0.52, 0.54, NA, NA	0.58, 0.7, 0.55, 0.65, 0.58, NaN, 0.55, 0.52, 0.54, NaN, NaN	0.59, 0.71, 0.55, 0.65, 0.58, NA, 0.57, 0.52, 0.54, NA, NA	0.74	0.7	357.89	0.11, -0.06, 0.16, -0.04, 0.12, 0, 0.14, 0.21, 0.15, 0, 0	0.07	0.43	0.88	0.15	0.95	NA	NA	0e+00	30.14	260
hc_manhattan_14	hc	manhattan	dip_test	14	32	0.19	5.81e-01	NA	NA	3, 1396, 3, 8, 2, 6, 1, 7, 2, 5, 1, 1, 1, 1	0	0.58, 1, 0.59, 0.67, 0.65, 0.66, NA, 0.62, 0.52, 0.61, NA, NA, NA, NA	0.52, 0.7, 0.56, 0.58, 0.65, 0.6, NaN, 0.53, 0.52, 0.54, NaN, NaN, NaN, NaN	0.52, 0.71, 0.58, 0.57, 0.65, 0.61, NA, 0.53, 0.52, 0.54, NA, NA, NA, NA	0.73	0.7	356.56	0.16, -0.08, 0.1, 0.08, 0.03, 0.08, 0, 0.14, 0.2, 0.12, 0, 0, 0, 0	0.06	0.41	0.88	0.19	0.96	NA	NA	0e+00	30.04	262
pam_manhattan_3	pam	manhattan	dip_test	3	13	0.26	0e+00	NA	NA	661, 377, 399	0	0.9, 0.88, 1	0.62, 0.66, 0.76	0.62, 0.67, 0.76	0.73	0.67	326.94	0.11, 0.05, -0.04	0.04	0.33	0.92	1.06	0.91	NA	NA	2.32e-23	28.34	263
hc_manhattan_15	hc	manhattan	dip_test	15	23	0.24	7.83e-02	NA	NA	3, 1395, 3, 8, 2, 6, 1, 3, 7, 2, 3, 1, 1, 1, 1	0	0.58, 1, 0.59, 0.67, 0.65, 0.66, NA, 0.65, 0.62, 0.52, 0.61, NA, NA, NA, NA	0.52, 0.7, 0.56, 0.58, 0.65, 0.6, NaN, 0.59, 0.53, 0.52, 0.58, NaN, NaN, NaN, NaN	0.52, 0.71, 0.58, 0.57, 0.65, 0.61, NA, 0.62, 0.53, 0.52, 0.59, NA, NA, NA, NA	0.73	0.7	356.29	0.14, -0.08, 0.1, 0.08, 0.04, 0.08, 0, 0.05, 0.14, 0.2, 0.03, 0, 0, 0, 0	0.05	0.43	0.86	0.2	0.96	NA	NA	0e+00	28.27	264
hc_manhattan_16	hc	manhattan	dip_test	16	26	0.16	2.81e-01	NA	NA	4, 1392, 3, 8, 2, 5, 1, 7, 2, 6, 1, 1, 1, 1, 2, 1	0	0.61, 1, 0.59, 0.67, 0.65, 0.63, NA, 0.62, 0.52, 0.63, NA, NA, NA, NA, 0.59, NA	0.54, 0.7, 0.56, 0.58, 0.65, 0.58, NaN, 0.53, 0.52, 0.6, NaN, NaN, NaN, NaN, 0.59, NaN	0.55, 0.71, 0.58, 0.57, 0.65, 0.58, NA, 0.53, 0.52, 0.59, NA, NA, NA, NA, 0.59, NA	0.73	0.7	355.96	0.1, -0.09, 0.1, 0.08, 0.04, 0.09, 0, 0.14, 0.17, 0.04, 0, 0, 0, 0, 0.04, 0	0.05	0.43	0.87	0.22	0.96	NA	NA	0e+00	27.82	265
hc_spearman_15	hc	spearman	dip_test	15	15	0.09	5.81e-01	NA	NA	875, 459, 55, 17, 6, 3, 1, 7, 6, 1, 3, 1, 1, 1, 1	0	0.94, 0.96, 0.86, 0.88, 0.78, 0.82, NA, 0.79, 0.72, NA, 0.59, NA, NA, NA, NA	0.66, 0.67, 0.68, 0.68, 0.64, 0.73, NaN, 0.7, 0.62, NaN, 0.58, NaN, NaN, NaN, NaN	0.66, 0.67, 0.68, 0.67, 0.65, 0.7, NA, 0.69, 0.62, NA, 0.59, NA, NA, NA, NA	0.75	0.66	315.77	0.05, 0.05, 0.06, 0.07, 0.11, 0.05, 0, 0.09, 0.15, 0, 0.21, 0, 0, 0, 0	0.06	0.47	1	0.97	0.88	NA	NA	0e+00	27.45	266
hc_spearman_11	hc	spearman	dip_test	11	14	0.31	3.66e-02	NA	NA	1394, 20, 3, 1, 5, 7, 1, 3, 1, 1, 1	0	0.99, 0.88, 0.82, NA, 0.78, 0.79, NA, 0.59, NA, NA, NA	0.7, 0.7, 0.73, NaN, 0.71, 0.7, NaN, 0.58, NaN, NaN, NaN	0.71, 0.72, 0.7, NA, 0.72, 0.69, NA, 0.59, NA, NA, NA	0.82	0.7	353.81	0.07, 0.06, 0.05, 0, 0.1, 0.09, 0, 0.23, 0, 0, 0	0.05	0.49	1.04	0.19	0.85	NA	NA	0e+00	26.98	267
hc_spearman_17	hc	spearman	dip_test	17	13	0.04	6.99e-01	NA	NA	875, 466, 53, 3, 13, 2, 1, 2, 7, 6, 1, 3, 1, 1, 1, 1, 1	0	0.93, 0.96, 0.85, 0.67, 0.76, 0.68, NA, 0.71, 0.79, 0.72, NA, 0.59, NA, NA, NA, NA, NA	0.66, 0.67, 0.67, 0.63, 0.66, 0.68, NaN, 0.71, 0.7, 0.62, NaN, 0.58, NaN, NaN, NaN, NaN, NaN	0.66, 0.67, 0.68, 0.63, 0.65, 0.68, NA, 0.71, 0.69, 0.62, NA, 0.59, NA, NA, NA, NA, NA	0.75	0.66	314.9	0.06, 0.05, 0.05, 0.15, 0.09, 0.06, 0, 0.09, 0.08, 0.15, 0, 0.21, 0, 0, 0, 0, 0	0.06	0.47	1.03	0.96	0.88	NA	NA	0e+00	24.42	268
hc_spearman_14	hc	spearman	dip_test	14	18	0.05	9.06e-01	NA	NA	930, 459, 17, 6, 3, 1, 7, 6, 1, 3, 1, 1, 1, 1	0	0.95, 0.96, 0.88, 0.78, 0.82, NA, 0.79, 0.72, NA, 0.59, NA, NA, NA, NA	0.67, 0.67, 0.68, 0.64, 0.73, NaN, 0.7, 0.62, NaN, 0.58, NaN, NaN, NaN, NaN	0.67, 0.67, 0.67, 0.65, 0.7, NA, 0.69, 0.62, NA, 0.59, NA, NA, NA, NA	0.75	0.67	321.56	0.04, 0.05, 0.08, 0.11, 0.05, 0, 0.09, 0.15, 0, 0.21, 0, 0, 0, 0	0.06	0.47	1	0.83	0.89	NA	NA	0e+00	24.31	269
hc_spearman_12	hc	spearman	dip_test	12	12	0.12	6.99e-01	NA	NA	933, 460, 21, 3, 1, 5, 7, 1, 3, 1, 1, 1	0	0.94, 0.96, 0.88, 0.82, NA, 0.78, 0.79, NA, 0.59, NA, NA, NA	0.67, 0.67, 0.7, 0.73, NaN, 0.71, 0.7, NaN, 0.58, NaN, NaN, NaN	0.67, 0.67, 0.71, 0.7, NA, 0.72, 0.69, NA, 0.59, NA, NA, NA	0.75	0.67	322.07	0.07, 0.07, 0.06, 0.05, 0, 0.1, 0.09, 0, 0.22, 0, 0, 0	0.06	0.47	1.01	0.8	0.89	NA	NA	0e+00	22.39	270
hc_spearman_16	hc	spearman	dip_test	16	14	0.02	9.94e-01	NA	NA	875, 459, 55, 17, 6, 2, 1, 7, 6, 1, 3, 1, 1, 1, 1, 1	0	0.94, 0.96, 0.86, 0.88, 0.78, 0.68, NA, 0.79, 0.72, NA, 0.59, NA, NA, NA, NA, NA	0.66, 0.67, 0.68, 0.68, 0.64, 0.68, NaN, 0.7, 0.62, NaN, 0.58, NaN, NaN, NaN, NaN, NaN	0.66, 0.67, 0.68, 0.67, 0.65, 0.68, NA, 0.69, 0.62, NA, 0.59, NA, NA, NA, NA, NA	0.75	0.66	315.46	0.05, 0.05, 0.06, 0.07, 0.11, 0.06, 0, 0.08, 0.15, 0, 0.21, 0, 0, 0, 0, 0	0.05	0.47	1.05	0.97	0.88	NA	NA	0e+00	21.48	271
hc_manhattan_17	hc	manhattan	dip_test	17	27	0.04	1e+00	NA	NA	1395, 3, 8, 1, 5, 1, 7, 2, 1, 6, 1, 2, 1, 1, 1, 1, 1	0	1, 0.59, 0.67, NA, 0.63, NA, 0.62, 0.52, NA, 0.63, NA, 0.53, NA, NA, NA, NA, NA	0.7, 0.56, 0.58, NaN, 0.58, NaN, 0.53, 0.52, NaN, 0.6, NaN, 0.53, NaN, NaN, NaN, NaN, NaN	0.71, 0.58, 0.57, NA, 0.58, NA, 0.53, 0.52, NA, 0.59, NA, 0.53, NA, NA, NA, NA, NA	0.73	0.7	356.15	-0.09, 0.1, 0.07, 0, 0.09, 0, 0.14, 0.17, 0, 0.04, 0, 0.11, 0, 0, 0, 0, 0	0.04	0.43	0.85	0.2	0.96	NA	NA	0e+00	19.76	272
