Gene	logFC	AveExpr	t	P.Value	adj.P.Val	B
PRRX2	0.920823893181285	7.041268349630145	9.261700626522904	3.6737652457161e-19	4.900802837785277e-16	32.75915786322403
RNF39	0.5145413439806626	6.520709707203971	8.175355002270194	1.8012011103314205e-15	1.1806526678986067e-12	24.515018590861764
WFDC21P	0.4559378611724702	6.18139228918694	8.123155662413064	2.655140932305712e-15	1.1806526678986067e-12	24.13910181839971
MFAP5	0.8819001969564899	6.872971722179378	8.021396870060078	5.626228148462384e-15	1.876347087512205e-12	23.411798081641507
SLC5A10	0.17088968845188682	6.198160199395617	7.796485274585964	2.881957195852402e-14	6.823249095257266e-12	21.83042797249379
NR1I3	0.1895397406519174	6.229262927984826	7.787730000047401	3.068927629051244e-14	6.823249095257266e-12	21.76960362018603
ASIC2	-1.1384580347010582	8.797509528511325	-7.697954397571786	5.827992501348344e-14	1.1106488566855273e-11	21.149121148746463
AC023590.1	0.11057079196606047	5.9653653341767825	7.649332217484087	8.228300631244979e-14	1.3720691302601002e-11	20.815516295632175
GRM5	-1.5681810001027767	10.490712701056403	-7.323359124684971	7.944585370499776e-13	1.1775640982496336e-10	18.623888325607513
UNC13A	-1.0274182420301674	11.741283192162664	-7.014874736989733	6.313816756136589e-12	8.422631552686209e-10	16.623100160763755
ABHD2	-0.821757880147908	14.475933882779714	-6.915785140162585	1.2100525575496652e-11	1.4674637379738665e-9	15.995807575965369
CHRNB2	-1.0366840228260423	9.608505293773069	-6.871488091897377	1.614515390572202e-11	1.7948029425194314e-9	15.717828844801424
HOTAIRM1	0.5149800458740341	6.9008426069907465	6.733467855997801	3.926872579532485e-11	4.0295754008433345e-9	14.86146150499836
LINC01133	0.34212945444656534	6.082649239631425	6.703820297847594	4.7438116127613106e-11	4.381003590707489e-9	14.679445371953648
CYP3A5	0.4798163020964003	6.604167935549352	6.697890401891095	4.926165956567642e-11	4.381003590707489e-9	14.643122303222714
PERM1	0.26765584711485096	6.374627459815029	6.672075265527611	5.8034482575486485e-11	4.8386249847311855e-9	14.485314881313524
AC005083.1	0.17942348292021987	6.09631099347127	6.565598974205649	1.1346849007866894e-10	8.674877372668835e-9	13.839961747926488
SGCG	0.37565248064338164	6.3352060716571215	6.560626411886698	1.1705231837184333e-10	8.674877372668835e-9	13.810041442815503
KREMEN2	0.46556081620664325	6.599581496543136	6.547624114831738	1.2695579984449374e-10	8.91363352592393e-9	13.731897946745377
PLEKHN1	0.37817646402452587	6.276957326365875	6.510993782779626	1.5948254153037874e-10	1.0637485520076263e-8	13.512469898105007
LINC02154	0.29145996094285237	6.068251444020754	6.495232246388308	1.7587198244814818e-10	1.1172058313610937e-8	13.418380195403998
MMP10	0.45101593896330455	6.208051282594308	6.48696683700183	1.8511484209421808e-10	1.1224690879713042e-8	13.369117997563393
XKR7	-1.4872434464979747	8.537658285607437	-6.476218721398706	1.9784840532127043e-10	1.1475207508633685e-8	13.30513991209849
KCNG4	-0.7583443443371808	7.196728128731031	-6.387827314308999	3.4074563373777324e-10	1.8939778141924564e-8	12.782478572060587
SVOP	-1.2146648995560412	8.570623482360256	-6.375817196475508	3.6669319715024304e-10	1.9566748999936967e-8	12.71194345813787
TMC2	-0.562390420550549	7.0362778229706375	-6.362014416929435	3.989068311826434e-10	2.0466988953755628e-8	12.631022595566115
PRG4	0.6612722294160265	6.575264085856123	6.334002651980651	4.730239446059459e-10	2.3370886744604884e-8	12.467268464114333
IGFN1	0.8953023328997805	7.2014090270967035	6.301045377704147	5.775837610915151e-10	2.7517740617717182e-8	12.275409281905553
SRRM4	-1.5002953859899886	9.138018318583207	-6.18924658673916	1.1298705527244466e-9	5.197404542532455e-8	11.631092969811728
PLCE1-AS1	0.185415960361703	6.1960631536478745	6.163693962525812	1.3152991522916457e-9	5.8486968971901845e-8	11.485246637896548
LINC01615	0.2262008354319793	6.07364495316624	6.156746265450549	1.3706587479353426e-9	5.898254095954023e-8	11.445682876648977
RIPK4	0.7929333423567373	6.958061594567442	6.138854135345176	1.5239173955228424e-9	6.352830642585849e-8	11.343976180018853
LRRC8E	0.6136826844928146	6.65424375819568	6.132685080001142	1.580545563947934e-9	6.389235703959224e-8	11.30896882499258
VSIG2	0.18849864747423858	6.317876348120505	6.058664901767449	2.442843237931495e-9	9.584567292354747e-8	10.891343109277063
GIPR	0.3680640486379772	6.6374162987482235	6.04861754892491	2.5906833592472463e-9	9.742162560269911e-8	10.834999635033562
ABCB5	0.20665061301791207	6.0457615978251384	6.046100369749522	2.6290693565945784e-9	9.742162560269911e-8	10.820896727195336
GRM7	-0.936518740274005	8.830875320265319	-5.9507545899175325	4.5721207659139325e-9	1.626606832749691e-7	10.290524113048392
GSDMC	0.33973992903402755	6.444557499324886	5.948440567783349	4.63351271697813e-9	1.626606832749691e-7	10.277744731769062
PAX9	0.3789757108298388	6.249651796819697	5.943192840760433	4.775731974939933e-9	1.633545244761505e-7	10.248780022161974
C15orf48	0.3584333584433417	6.49394350336312	5.9275612874446395	5.225067296896812e-9	1.729328752408472e-7	10.162636170822083
KRT7	0.799868692008122	7.012846106835259	5.924589859715303	5.315028399456323e-9	1.729328752408472e-7	10.146283675832873
PRSS16	0.31290216321109987	6.285782967504272	5.859505310076097	7.710971885054522e-9	2.402465696955505e-7	9.789932004328524
SH2D3A	0.4085352345087932	6.55501409645153	5.857333909739916	7.806832110454861e-9	2.402465696955505e-7	9.77810336945618
CYP4F12	0.5290285340827199	6.90515082646317	5.854711004384366	7.924174712596869e-9	2.402465696955505e-7	9.763820369623996
DMP1	0.38374623712728456	6.178530672823727	5.806290015112488	1.0426235918575468e-8	3.090799714528817e-7	9.50116647781661
AC022182.1	-0.1770343904008045	6.456949991330429	-5.782223063790403	1.1941297798367041e-8	3.462976361526442e-7	9.371340630560713
PREX2	-0.93558708973499	12.08060224894892	-5.756960623000795	1.3761983610757562e-8	3.9060608801597e-7	9.235582946885659
CCDC175	-0.40360728967606685	6.782115264014687	-5.723918938403163	1.6555632342834095e-8	4.6010861552793093e-7	9.058821051091629
CATSPER1	0.16215810409789083	6.254505011744266	5.71257549470666	1.7636464747925863e-8	4.801437545659817e-7	8.99834696956574
GRIN3B	0.28583922446534005	6.359244001655023	5.708309134757458	1.8060499364031432e-8	4.818541230323586e-7	8.975629924461822
SLC28A3	0.2902514387068085	6.26519801116324	5.699252811832689	1.8993762853252298e-8	4.962250624784643e-7	8.927458092830692
OLAH	0.1950595023633236	6.263212992605349	5.695973844066208	1.934310588371825e-8	4.962250624784643e-7	8.91003367232379
SH3RF2	0.6367373579139305	6.893925760850235	5.691865949793904	1.978959755079223e-8	4.981004364671101e-7	8.88821699402348
RPLP0P2	0.37208922446698933	6.576154244045421	5.675061558318262	2.1722844605415643e-8	5.366347167337865e-7	8.79911691012738
XG	0.34439564094905295	6.3426360786785345	5.668595810997292	2.251464073974095e-8	5.460823772148077e-7	8.764897092437444
KRT80	0.6940696963509798	6.852470692877159	5.595705391617606	3.3628812767108827e-8	8.010863612736282e-7	8.381545243201636
LINC00968	0.21952807479149908	6.259975357683568	5.582971032451381	3.605437981922177e-8	8.437989943656464e-7	8.315028356686954
PADI1	0.2272892023524391	6.29806643966917	5.575900980427463	3.747361669039121e-8	8.618931838789979e-7	8.278157279096401
SLC22A18AS	0.2039697198036417	6.3290292511560295	5.568393870183447	3.9040025400031276e-8	8.827015912481648e-7	8.239052846242839
LARGE2	0.6430390791356483	6.66392927014741	5.555033670167956	4.198658844015007e-8	9.335018163193366e-7	8.169576875195645
IL31RA	0.4094822855570539	6.375803368983389	5.547084096372014	4.3841262617268814e-8	9.587581037940428e-7	8.128308555558116
TMEM40	0.25744562789274605	6.199691344920242	5.534831973943642	4.685665186139604e-8	1.0081737674693922e-6	8.064808686240529
VSX1	-0.6418544153473614	7.688045724876041	-5.513482787117811	5.259925525238372e-8	1.113768357248887e-6	7.954462837597935
IDO2	0.16966139054923032	5.996498085923006	5.49823169480578	5.711447100540169e-8	1.1680396656115217e-6	7.875870908401431
MS4A1	0.2430703569520491	6.307813279424234	5.496859327769844	5.753875999951562e-8	1.1680396656115217e-6	7.86880844532436
CISTR	-0.16513346468760257	6.357952773714693	-5.496054304474976	5.778906891331367e-8	1.1680396656115217e-6	7.864666380867014
TMPRSS15	0.27632524645687334	6.012592214358173	5.481641351685583	6.245372461879166e-8	1.2434816215144488e-6	7.790600343503545
OSR2	0.5070716055981535	6.630425582928802	5.469865328280272	6.653458914084514e-8	1.3052520869689325e-6	7.730215275471588
C1orf100	0.09165488940606535	5.908042706901759	5.456953414992628	7.13067525379241e-8	1.3785972157331991e-6	7.664140245728403
PSG4	0.23582827801452788	5.985039293610706	5.44157607328556	7.742468868101473e-8	1.4754933528639091e-6	7.585632600216629
SLC28A1	0.2646797279520178	6.4335655746135645	5.418559069178425	8.754455111574575e-8	1.6448511434986596e-6	7.468495268897893
ZFPM2-AS1	0.21652806133491026	6.344199430356561	5.398418693745142	9.744376871174346e-8	1.805416492520358e-6	7.3663657588699945
ALKAL2	0.28478745952158385	6.522021947459105	5.3898148766907275	1.0199630424457466e-7	1.845827686918346e-6	7.322841656252697
SBSN	0.2792986996372642	6.2469472880136045	5.389084305469527	1.0239224050371634e-7	1.845827686918346e-6	7.319148810815477
MEOX1	0.46588788977693824	6.336683168977599	5.37288001337867	1.1156761916618238e-7	1.984416052902497e-6	7.237356842231657
LINC00539	0.1446737015448227	6.322686269149209	5.358780850868021	1.201959739293616e-7	2.109755647654847e-6	7.16637205608181
SDR42E1	0.4791981463817971	6.598773231436233	5.314374924301349	1.5181406129077254e-7	2.6301293215829945e-6	6.943907130642748
UPK1B	0.19315156058244462	6.008617471868385	5.295038405591765	1.679779766225601e-7	2.8728541130063484e-6	6.847559856967132
LILRA5	0.3049626428093417	6.632375473351646	5.292124432370464	1.7055414574203917e-7	2.879990258479497e-6	6.833068166224518
CYYR1-AS1	-0.30248022434034016	6.789867031067091	-5.281259242902284	1.8050165887141986e-7	3.0098651616809263e-6	6.779097575723606
MYEOV	0.27030500549434794	6.35433354877817	5.275720829782903	1.8578639182432104e-7	3.0597413172054846e-6	6.751625419794326
RFX8	0.1822044577156494	6.443919512566441	5.2311166031875915	2.341748499077065e-7	3.8096249972790303e-6	6.531330858987873
RAB44	0.14913414511328105	6.239474057509589	5.227436739160864	2.386719260046222e-7	3.836004208315253e-6	6.513232462664529
EPGN	0.24027860114915905	6.132195627005284	5.2038006029524695	2.6961582555817793e-7	4.281756086840587e-6	6.397261095493233
CELSR3	-0.8543840871312044	11.215746780355783	-5.191893179445414	2.866423290769926e-7	4.494417326406627e-6	6.339018331315938
MRLN	-0.3847395017652157	6.464190457588881	-5.189797319763949	2.897450450307121e-7	4.494417326406627e-6	6.3287794393835295
FMO1	0.34360021995080703	6.47366139912899	5.171078417844253	3.189372228989114e-7	4.890370751116642e-6	6.237499243328797
EPHA8	-1.0700753940832084	7.47553235489848	-5.1670325223839875	3.256109960764582e-7	4.935966690522673e-6	6.217809511370151
EML2-AS1	0.13507788487376904	6.387988314188312	5.15405510568194	3.4794205549322985e-7	5.215221371100771e-6	6.1547485654978615
OTX2	-1.5270697619640285	8.206002973244994	-5.148800348677243	3.5739967593192015e-7	5.297457418813128e-6	6.129255373151647
FCRL1	0.18727904956224112	6.189826808530684	5.139880884556529	3.740254219595829e-7	5.482966075759161e-6	6.086037379261073
EHF	0.5233321107652908	6.903490014710928	5.12083015164522	4.1207889245708224e-7	5.975143940627692e-6	5.993958937561972
CHMP4C	0.3104914735813266	6.536842141053286	5.094720420957286	4.703656117090328e-7	6.74122817226882e-6	5.868269649892893
TNNT1	0.5710215957825738	7.030689985003618	5.092772932759388	4.750190766066485e-7	6.74122817226882e-6	5.8589182040564864
KLRC1	0.24647355368603524	6.258311881641285	5.083855863084065	4.969007989844269e-7	6.977533324686584e-6	5.816141999677676
ZNF536	-1.0241546438596996	10.224529470206901	-5.077072035845797	5.141972661069931e-7	7.145199510278426e-6	5.783645137302285
GCSAM	0.15554254525158573	6.262909053534497	5.067418993959334	5.398160280340367e-7	7.423861663890773e-6	5.7374722064827655
HSH2D	0.26887864359271285	6.616722578650158	5.042612244674045	6.114396106943105e-7	8.323065721083777e-6	5.619184350718168
ROR1-AS1	0.15998867913667353	5.977931010423528	5.035595225856481	6.333122389495305e-7	8.519046895489161e-6	5.585821063203195
LINC02058	-0.24930115480308637	6.54521852036761	-5.033703450963445	6.393372565858141e-7	8.519046895489161e-6	5.576833670369577
MCOLN2	0.27990549151726324	6.745156642228515	5.0308375094495	6.485704768504664e-7	8.519046895489161e-6	5.563224129030388
LINC00944	0.19963080971233332	6.132116661964501	5.029972839445096	6.513813968065175e-7	8.519046895489161e-6	5.559119451972352
PDZK1IP1	0.2671787743768527	6.395145265777412	5.026350330508837	6.632861412047856e-7	8.590521479293049e-6	5.541930061154757
IGFL2-AS1	0.18264459604133118	5.969297748554209	5.020883275746028	6.816515573203849e-7	8.743492091013399e-6	5.516009497523408
POF1B	0.30754043888550403	6.093456554750706	5.006447157687404	7.325388889922677e-7	9.306732170625571e-6	5.447688878889247
LINC01098	0.2434110710276054	6.064094084184571	4.995032298344381	7.75355164373365e-7	9.75777159692518e-6	5.39379448364506
AKR1B10	0.3019495967535793	6.222920548998758	4.96148517427645	9.156418118760312e-7	1.1415571748061922e-5	5.2360580008422115
RASSF6	0.3200424718443557	6.1768512602685055	4.919278881902236	1.1272075173533394e-6	1.3923100260642172e-5	5.038994412186623
MMP8	0.2413336673740086	6.121862901558185	4.898364536848137	1.2488075956329906e-6	1.5283571858480822e-5	4.941918069437319
ADAMTS20	0.41118313386512856	6.712724227022961	4.891725298836689	1.2899877083701469e-6	1.5644032754234327e-5	4.911180905329877
ENTPD8	0.23362401911078248	6.265874622008137	4.889519275516316	1.3039582070160833e-6	1.5670993226661758e-5	4.9009763480361634
IL7	0.2080334065797708	6.619930390376117	4.881461384305128	1.3562382087620998e-6	1.6153765807934298e-5	4.8637384201036635
DNASE1L3	0.26164184724410516	6.450118165347389	4.868957593290628	1.441386008643446e-6	1.7016008279029708e-5	4.806066692388324
TNNT3	0.3137607937700768	6.268020816941794	4.84674913130481	1.6054858593667288e-6	1.8787001196449266e-5	4.703969899553579
AP1M2	0.4412233886424091	6.2932270399003105	4.830695512089184	1.7351682396550328e-6	2.012795157999838e-5	4.6304362444902765
LINC00323	0.3286306461653833	6.527335112773493	4.8267345049241355	1.7686853406389217e-6	2.03398814173476e-5	4.612327462406279
SYT8	0.23186923714729482	6.265995135453808	4.812077135375063	1.8982207417473804e-6	2.1642961277700903e-5	4.545436710600585
FCRL2	0.13743853222167962	6.0650559697644	4.79702534957712	2.040732014028308e-6	2.294948173130229e-5	4.4769415106406125
MUC15	0.3717344799130064	6.111052802243968	4.796364682652492	2.047217635700879e-6	2.294948173130229e-5	4.473939596918246
NECTIN4	0.5762892524534035	6.591771216113386	4.7826025659047575	2.1869184438021447e-6	2.4234879702666674e-5	4.411494674795932
IL6	0.4616343582527969	6.924929224453331	4.781526896350402	2.1982162249045486e-6	2.4234879702666674e-5	4.40662086462679
CBLC	0.29716607069600925	6.1229165803309815	4.776064193498777	2.256463861657858e-6	2.452519589237475e-5	4.381885245867583
OTX2-AS1	-0.826277626303252	6.863985046241238	-4.775615038286034	2.2613186617407003e-6	2.452519589237475e-5	4.37985259288299
LCN8	-0.2616637521480436	6.219855918382235	-4.765227221319868	2.3764445029982907e-6	2.5565943282255803e-5	4.3328918184850345
HTRA4	0.18914650971930533	6.397366647732876	4.7526061801991775	2.5239225168585967e-6	2.6935301099914945e-5	4.27596245074678
KCNH7	-0.890862373665187	8.015692679697937	-4.74512189154698	2.6154960065670635e-6	2.7691045021908432e-5	4.242269262591126
IGFL2	0.34795091388720156	6.418922840630781	4.72364898426458	2.8963165577298916e-6	3.042272667725729e-5	4.145874149927673
TM4SF19	0.30055813429684064	6.167896429186126	4.720970043794677	2.933322582067756e-6	3.05707212849874e-5	4.133876385841376
LINC01914	0.1300737337335696	6.096739434230073	4.706679404787763	3.138540508339005e-6	3.221820580564562e-5	4.069981592144764
CCNYL2	0.29562924597356266	6.591979801153389	4.706600892841133	3.1397052134437258e-6	3.221820580564562e-5	4.069631053514936
AMZ1	-0.890585424338944	9.40536198129148	-4.69908357688134	3.253168698023841e-6	3.312768735239544e-5	4.0360929830386105
LINC00514	0.12345276966695734	6.023980332099277	4.6906544700245	3.385083058972715e-6	3.420985455052728e-5	3.998546104438983
IL1RL1	0.3139254424377022	6.698003490283213	4.685818529322521	3.463070698651414e-6	3.4606204155300325e-5	3.9770329501668122
DMKN	0.5216882399417794	6.954969082870024	4.685015595638272	3.4761854248952354e-6	3.4606204155300325e-5	3.973463012950175
VTCN1	0.2828598818191479	6.3666396298173975	4.682213301234269	3.5223318487829384e-6	3.4805856935381036e-5	3.961008128515518
BMP5	0.5772889735275053	6.966183360543627	4.675728982348566	3.6313802076527994e-6	3.561956762506496e-5	3.9322148687510126
CXXC1P1	-0.1463677051078444	6.014746116115261	-4.659455805412517	3.9195279070857376e-6	3.8165330131769156e-5	3.8601177468742947
S100A14	0.4790855240691091	6.501904826580989	4.654021865539478	4.020548021393441e-6	3.8736115120216246e-5	3.836095019967196
ESRP1	0.477832260541431	6.378345148807788	4.653190535657471	4.036221890337375e-6	3.8736115120216246e-5	3.8324221155238902
SLAMF9	0.23920275788655934	6.252456319254746	4.614786840508614	4.827855943480601e-6	4.6002570204308016e-5	3.663414758051154
TECRL	0.16961621658958206	5.934390786204526	4.604581074433259	5.0621098059586805e-06	4.789258497268709e-5	3.618720004575078
AC016629.3	0.07582276414712123	6.091514745125162	4.60038877206425	5.161464869238515e-6	4.848869109552238e-5	3.6003870449434707
SDR16C5	0.37099031581864667	6.417557784199302	4.586880634765558	5.494493353730178e-6	5.125632261451788e-5	3.541421518284439
SIGLEC17P	0.13472341082114847	6.163852691455631	4.582384087669448	5.6098557865846024e-6	5.168015098147987e-5	3.5218290330174025
WDR86-AS1	0.19145357159095225	6.487195589573723	4.582092835043392	5.617407715378247e-6	5.168015098147987e-5	3.520560595054965
GLRA1	-0.6141647158294155	6.708588044838423	-4.572413322535375	5.874013061086209e-6	5.3670776873212346e-5	3.4784479013844685
FAM3B	0.17373574469955794	6.386448196906615	4.568347543266874	5.9851191191806705e-6	5.431393812916337e-5	3.460783614256142
C5orf46	0.19110600608229802	6.020145123484904	4.550699134767474	6.4912071234883775e-6	5.8508583126577674e-5	3.384277453649389
MISP	0.37611292303776567	6.5618319547599775	4.547540345836722	6.5860170980131715e-6	5.896474368288302e-5	3.370613140366844
SLC6A14	0.25416195374316275	6.051456873125849	4.545599486904923	6.644928536958174e-6	5.909556445534802e-5	3.362221740551309
ADAMTS9-AS1	0.17167915615137014	6.298700754479373	4.538071748049599	6.8782374344545125e-6	6.0765355877896154e-5	3.3297067551876847
LINC01013	0.21726998254698454	6.6148299952022285	4.534931764588733	6.97785977116863e-6	6.123990088644048e-5	3.3161588858241764
DAO	-0.6457863197569935	6.974504735028769	-4.53179252219411	7.078840868943097e-6	6.172008966777837e-5	3.3026229473927415
CDK1	0.645609092591962	8.632192253480806	4.52876394602259	7.177589121673522e-6	6.210043413724096e-5	3.289572462306092
LHFPL3	-0.98891504952442	10.28028057197883	-4.527609781953248	7.215567684611955e-6	6.210043413724096e-5	3.2846011752382864
RHBG	-0.32819379343035654	6.437705260195024	-4.5194727233714165	7.488843072253734e-6	6.403920934863129e-5	3.2495862431594897
MEIOB	0.29567902169496973	6.37379457388673	4.51367383223729	7.6896189173953e-6	6.533727156563904e-5	3.2246686104775133
ANXA8	0.39214163266378055	6.271470475551988	4.508149745339576	7.885671645725991e-6	6.6423950297353e-5	3.2009595418401506
XACT	-0.10625353041175879	5.949563582348717	-4.5072765356460565	7.917097524197247e-6	6.6423950297353e-5	3.1972142530801637
RUFY4	0.21310791795360687	6.43528526049738	4.490720016002536	8.536160512410595e-6	7.105327155439231e-5	3.126329637886675
TMPRSS11D	0.2879616320321637	6.059953637377495	4.489709873021358	8.575394842771485e-6	7.105327155439231e-5	3.1220127163974247
CYP2F1	0.06587417381464832	5.920824940073704	4.479941533086071	8.963821911028942e-6	7.381320018094203e-5	3.080313737966689
SP7	0.2120903773891006	6.403537802637476	4.467237429581365	9.494255079002526e-6	7.770144954226606e-5	3.0262094207448857
LHX2	-0.955161119509359	9.464152245263458	-4.45405226270423	1.0076507081608267e-5	8.17293079293683e-5	2.970208059430721
SCML4	0.25338281089142756	6.747823152612806	4.453339280463645	1.0108947382568044e-5	8.17293079293683e-5	2.9671842156522903
PTPRQ	0.32064773347500913	6.4407123985212955	4.449140983291036	1.0302005068995566e-5	8.278840218096437e-5	2.949387900528432
PROK2	0.22642252518534126	6.475858597470358	4.435044140489526	1.0976403738187322e-5	8.740941908510955e-5	2.889747012844504
ALDH1A3	-0.9456970925932306	10.391692941071804	-4.434402532303399	1.1008082763342133e-5	8.740941908510955e-5	2.8870367065585274
TEX41	0.20132075698689067	6.305645095501804	4.428226910827006	1.1317508733953229e-5	8.933465474019886e-5	2.860968146455056
GLRA2	-0.5920944857121256	7.269229576497192	-4.400040744428676	1.283857756090079e-5	1.0069329821106707e-4	2.74241993575248
LINC01121	0.12009258308748202	6.098932672474021	4.39884128822351	1.2907461764687008e-5	1.0069329821106707e-4	2.737390848728486
VNN3	0.20450082312385262	6.33743662785593	4.397335826009389	1.2994420151136509e-5	1.0078230512567501e-4	2.7310805533565503
MIR205HG	0.5406234606969978	6.307161501467097	4.395208707837741	1.3118242314224572e-5	1.0115453900101491e-4	2.722167969954672
FAM86FP	0.09663353082876418	6.261862384202969	4.364281498813316	1.5051089443732672e-5	1.1539168573528383e-4	2.5930395910719035
AC007319.1	0.14606499153678104	6.132004278308079	4.355601837128862	1.5640686920964933e-5	1.1922672201466983e-4	2.556953407215021
KLK7	0.3736385150798963	6.402871943626424	4.344278049953774	1.6443141909439632e-5	1.2463154151813903e-4	2.509975306073793
CYP2A13	-0.28604296110656746	6.322058402233249	-4.336774176843244	1.69964119114689e-5	1.2809725135536448e-4	2.4789077160879405
MS4A3	0.06693818318065631	5.920516203885449	4.334940530296466	1.7134288523324785e-5	1.2841090387705203e-4	2.471323693034707
COL17A1	0.7662063737432127	6.994549391902283	4.327341952170758	1.7717117509257523e-5	1.3203706568351694e-4	2.439927767832474
RGS13	0.15549266145744095	6.161605131904297	4.316908925067561	1.854827589555117e-5	1.3746333358147366e-4	2.39690456210592
LIPI	0.037878712408786507	5.873341584733053	4.300093385298346	1.9966786686638136e-5	1.4638286648378806e-4	2.3277665032840424
RBPMS-AS1	0.14503830552819352	6.335988596439244	4.300042005101283	1.9971275637218463e-5	1.4638286648378806e-4	2.3275556386112104
NPFFR2	0.18906920911712677	6.106159520428532	4.298035839498685	2.014730414058984e-5	1.4686614056582975e-4	2.319324169934765
C7orf69	0.06864329249135273	5.8840634120471	4.296751969944277	2.0260731863766543e-5	1.4689030601230742e-4	2.3140582351490178
LINC00960	0.33040399741736814	6.887590774059978	4.293893841020444	2.051543586376664e-5	1.4793292671494432e-4	2.302340601109247
UCMA	-0.17507762240563363	6.192072522636808	-4.287552133031595	2.1091540024141617e-5	1.5126943221615546e-4	2.2763672725802344
FCRL5	0.23217521934468058	6.300435163890998	4.284316925438263	2.1391354019130836e-5	1.5180770013206528e-4	2.263130920111088
PSG1	0.10121762038828876	5.940826719024892	4.283888041273328	2.1431403699449644e-5	1.5180770013206528e-4	2.2613769108864616
NGB	-0.3800001064902729	6.982640755338777	-4.283070045896539	2.1507987499970266e-5	1.5180770013206528e-4	2.2580320090742934
BMS1P7	-0.3694208746507556	7.048296093981474	-4.27719267006021	2.206597945803235e-5	1.5492640314218503e-4	2.234016201454418
CLCA4	0.4035349350907007	6.486949189298058	4.266907448402921	2.3075840350329676e-5	1.6116843469811407e-4	2.1920638151022285
TYRP1	0.35819716598945756	6.477547318383432	4.255296254005293	2.426885971563684e-5	1.6861801489926847e-4	2.1448169321434474
ELOVL2-AS1	-0.2518519656836019	6.637664954519349	-4.250621201140245	2.476563078783221e-5	1.7090064952671633e-4	2.125827923414363
DSC3	0.6196306895108424	7.069826734917264	4.249561500137364	2.4879575237060324e-5	1.7090064952671633e-4	2.1215263842744694
ARSF	-0.3613716069466441	7.224038180560179	-4.248615380651075	2.4981729128717906e-5	1.7090064952671633e-4	2.1176867469669496
CDK15	0.18425859226682043	6.363830700172197	4.237200363537345	2.624618006563868e-5	1.7863471534470407e-4	2.071424510731566
EPN3	0.3698879514803852	6.703616592409529	4.230938432608384	2.6965502956705232e-5	1.822021815712886e-4	2.0460961543120693
ANKRD55	-0.4587826575464323	7.3710376400930535	-4.229335739900172	2.7152606614022235e-5	1.822021815712886e-4	2.039619218468255
IGFL4	0.28120961410725515	6.833506354151689	4.228346412882043	2.726872100455995e-5	1.822021815712886e-4	2.035622219168916
GLIS2-AS1	-0.08532827504656063	6.205360659956441	-4.227939054475466	2.7316668901242668e-5	1.822021815712886e-4	2.0339766981210925
SULT1C2	0.27991880694575083	6.7412191065870974	4.216247193644161	2.872761280236044e-5	1.9065987800173545e-4	1.9868110732268676
TPSG1	0.06242276961684403	5.935637981303808	4.210060751581421	2.9502005805924046e-5	1.9483007794605285e-4	1.9619043207773927
CALML6	0.14176994122595546	6.38262808761362	4.2079989948748064	2.9764478071849688e-5	1.9559514161501224e-4	1.9536112870175515
SIGLEC15	0.23888088055495174	6.3940077839184335	4.197152149307954	3.118238653041629e-5	2.0380911349333533e-4	1.9100448203739457
SERPINB13	0.3046792271145687	6.105761535514215	4.196124632901664	3.131999120399831e-5	2.0380911349333533e-4	1.9059232773131196
U95743.1	-0.18766220080891408	6.1247303922464464	-4.194027882505375	3.160258401853508e-5	2.045630972707974e-4	1.8975158015196492
SPINK7	0.21740087102506675	5.981380863312437	4.1929959867428	3.174254957650304e-5	2.045630972707974e-4	1.893379594567966
TREML2	0.18939133688554136	6.441850456086871	4.189065815962552	3.2281061290940454e-5	2.0703334501016618e-4	1.8776348392777926
LGALS2	0.1387725458677074	6.180483155153286	4.164527459104436	3.584523193389583e-5	2.2879205454457913e-4	1.7796455256653445
MAP3K20-AS1	0.2310670612907778	6.113919401401836	4.16015347110021	3.6518672717579665e-5	2.31980520977387e-4	1.762235771458533
PKP3	0.44199183330813163	6.738787692329262	4.154334454715142	3.743328338756538e-5	2.364123340424608e-4	1.7391011019777096
GBP6	0.36168094441231174	6.595449768424742	4.153471411705307	3.757077572488882e-5	2.364123340424608e-4	1.735672499441737
SLC7A11-AS1	0.230146313569209	6.153324781842765	4.1383475117678605	4.0059610067434284e-5	2.5016503634139734e-4	1.675698907059381
LINC01727	-0.39682473337421315	6.981676714520192	-4.137924532154601	4.013142262148353e-5	2.5016503634139734e-4	1.6740245525399136
LGALS7B	0.31155858693257843	6.20868262893044	4.132335152806132	4.1091952461430564e-5	2.549612306211552e-4	1.65191428485684
ATP8B5P	0.0895946146884534	6.1789286316101375	4.13054388981191	4.1404379229361305e-5	2.5571037912948137e-4	1.64483443315922
GPR171	0.14443963542815874	6.312413694788443	4.123338138005612	4.2684161340965476e-5	2.623994065845528e-4	1.6163834079147392
TMPRSS2	0.35556301828437237	6.468169840217082	4.119302523142164	4.341725426316959e-5	2.656817302159093e-4	1.6004697470333138
UCA1	0.08511788286296262	5.949822781208834	4.111778192681842	4.481618194830685e-5	2.719608519594697e-4	1.5708382706825645
NTF3	-0.5351288626563913	7.01140933036099	-4.11159317275617	4.4851115015804594e-5	2.719608519594697e-4	1.5701102897496835
KRT73	0.0599656002812653	5.9147659299050686	4.101646453681601	4.676770658331295e-5	2.8229918815447726e-4	1.531019346434368
KIF23	0.5580057000568367	8.505411466834714	4.099836606906346	4.712470728886689e-5	2.8317279064571366e-4	1.5239161954320224
KLHL30	0.23066724588252216	6.529160965689626	4.091895531324434	4.87219660140341e-5	2.914578594740874e-4	1.4927846326239127
STYK1	0.30985444920240823	6.499986736500876	4.085253622641923	5.009729621963504e-5	2.983472908794337e-4	1.4667899808001081
CARM1P1	-0.4205759218838012	6.69231644518094	-4.079974745747864	5.121661626577724e-5	3.0365762710465264e-4	1.4461583088206087
EREG	0.3291816533037641	6.515663130725798	4.07596041380211	5.208366812677455e-5	3.074319171730852e-4	1.43048577774098
CCDC155	-0.24991741299939862	6.257764729492176	-4.0660077121637235	5.429388854039934e-5	3.1906628772199435e-4	1.3916918463925168
FAM30A	0.1988593324204787	6.323129733937513	4.059822457700833	5.5712043259649326e-5	3.259643232823342e-4	1.3676279247542542
ARHGAP40	0.10166052180702069	6.123130896035875	4.057683487193701	5.6210600702819896e-5	3.274451586793089e-4	1.3593142493441572
PYHIN1	0.17337539585138426	6.435262410361145	4.04615687733371	5.8971016081735866e-5	3.42031893274068e-4	1.3145843047413202
SLC5A1	0.2584396409298688	6.311666577024066	4.0446279867986075	5.934668208478228e-5	3.4272066623852623e-4	1.3086603550877225
PLG	0.08838345497427078	6.093873521747173	4.0308150251136	6.284522080779906e-5	3.613600196448446e-4	1.2552356054014133
GPR17	-1.1965228441620186	10.486595865497252	-4.029673196293367	6.314301881792374e-5	3.615141077386707e-4	1.250827057634086
KCNU1	0.04593967075036038	5.894646406281828	4.02663952150518	6.394074458448084e-5	3.645168943405874e-4	1.2391199188965354
MCOLN3	0.2802425862677416	6.601459847427662	4.0205027118266345	6.558379561878814e-5	3.7229269512963135e-4	1.215463086956576
HAS1	0.30631879113789573	6.594452893389466	3.996713987961042	7.233940844632792e-5	4.0890157147203997e-4	1.1240824292230185
ALG1L13P	0.1309000036381535	6.1928470882832585	3.9926032633534017	7.357170019499945e-5	4.141124390722754e-4	1.108343730627782
GABRP	0.18171194621649767	6.217111514402762	3.9843868136793024	7.60946842923295e-5	4.26219387952556e-4	1.0769314270700336
HLA-J	0.1312931557415127	6.362677642253736	3.9833819159152988	7.640882297202591e-5	4.26219387952556e-4	1.0730938079192818
LINC01709	0.10304021023578327	6.0219664554774255	3.9818998717379586	7.687436559712477e-5	4.26219387952556e-4	1.0674356798966693
DCSTAMP	0.21572853157596397	6.366728668707827	3.9814993023795298	7.70006540454018e-5	4.26219387952556e-4	1.0659067339282497
MEIKIN	0.08391104554458788	6.129030520558256	3.974712648694959	7.917042059648051e-5	4.364187647756405e-4	1.0400246791620535
KCNH6	-0.5230162552956383	6.817831634950415	-3.971626853833943	8.017603203367367e-5	4.4014331988856246e-4	1.0282703070355197
SHISA7	-0.8545848250784978	10.264563516487362	-3.964867241684006	8.242134451991363e-5	4.5061505569493767e-4	1.0025518939389633
TMEM52	0.23261040053066384	6.538990467586532	3.9501454334302464	8.751931491592172e-5	4.765337391748554e-4	0.9466832217584749
COL6A6	0.3053394145603082	6.293906137298277	3.926296351978862	9.641679450842757e-5	5.228455442042373e-4	0.8565950002647504
LINC01397	0.09051957728355549	6.102701586908653	3.91603256727853	1.0050378282800667e-4	5.428018068524733e-4	0.8179835158521174
LINC01546	-0.31107412191822686	6.789586079733223	-3.9097071980864753	1.0310359721729868e-4	5.545975753543404e-4	0.7942357644971398
CRNDE	0.39003155266436784	8.343044544244353	3.895523791710639	1.0916635663373885e-4	5.848510833309543e-4	0.7411184853136508
DLX4	0.4162547023572052	6.63508221849592	3.8926102698155916	1.1045281260808567e-4	5.893762080767451e-4	0.7302299423503218
TMEM61	-0.28766130534845685	6.915868875187687	-3.8913586579600477	1.1100984894753465e-4	5.89988599585702e-4	0.7255547376449902
SLC38A4	0.234811964685068	6.4377191058024925	3.8731713020041885	1.19410058040912e-4	6.321151485181611e-4	0.6577797325287866
LMO7-AS1	0.13326868332170733	6.223486846365063	3.866516940378859	1.2263099729109507e-4	6.461214867195517e-4	0.6330576615885528
SKAP1	0.1965079412272515	6.59201610045026	3.8657150628387185	1.2302463090462228e-4	6.461214867195517e-4	0.6300812778880367
GGT6	0.19614119103209127	6.0511308010994265	3.862846393752687	1.2444263139075343e-4	6.510057657853533e-4	0.6194382441226525
LINC01060	0.18117813395170287	6.250865147763331	3.8606934116263716	1.2551699478265617e-4	6.540612150002474e-4	0.6114554070937874
KY	-0.49448423974809064	8.23535090306605	-3.8550518354144296	1.2837393471844843e-4	6.663456377992616e-4	0.590557601018749
IL12B	0.046878187140002574	5.922336445625749	3.8516926650675787	1.3010411459395062e-4	6.72708871582675e-4	0.5781281878988809
LINC01393	0.1402485369129259	5.95220201216723	3.839188667225858	1.367400250289429e-4	7.042903219637444e-4	0.531952105356666
ILDR1	0.23610938081718708	6.332496210061915	3.8224591070269196	1.4611948681319433e-4	7.497053669569279e-4	0.47039467165269766
LINC01193	-0.23257687055188497	6.345252749583752	-3.8166528987165806	1.4951437689650506e-4	7.641845930265814e-4	0.44909013267689435
SCGN	-0.42065017521014275	6.657015119486565	-3.8085257907935954	1.5439150619361817e-4	7.861002643598726e-4	0.4193213249983181
ANKRD26P1	0.11689004634570087	6.113863459723325	3.804345187623443	1.569584130884826e-4	7.913574404872369e-4	0.40403169488776314
CWH43	0.17443373285089556	6.0409849766044115	3.8042939357144823	1.5699013039286304e-4	7.913574404872369e-4	0.4038443515147838
KLK5	0.23667647208677797	6.190155191646695	3.803949100332171	1.5720368945211226e-4	7.913574404872369e-4	0.40258392189905656
SLC9A2	0.31036884410124316	6.882055065322473	3.7990876573371755	1.6024373851971892e-4	8.036283728770865e-4	0.38482612381110926
ADGRA1	-0.7538911328589607	9.935070658625843	-3.7869569694659537	1.6807317400966283e-4	8.378761012192268e-4	0.34060959424868553
MANSC4	0.17428101124786208	6.187090373435649	3.7865697622534538	1.6832893187912503e-4	8.378761012192268e-4	0.33920043511888487
SLC9A3	0.3456686590074173	6.654150907494563	3.783390978627335	1.7044249838934914e-4	8.452427243546162e-4	0.3276371064083534
KRT16P2	0.14888673643051487	6.026829051414665	3.781184474031856	1.7192428597023683e-4	8.494333240159108e-4	0.3196160323421058
HEPHL1	0.23384826988382942	6.0852882331879545	3.7722864534659455	1.780239433715957e-4	8.763245035339804e-4	0.2873152024123158
DBX2	-0.6187219525287356	8.727752785719673	-3.7668176873492367	1.8187344072424593e-4	8.919822423755296e-4	0.2674989130210683
NUGGC	0.11214068530772409	6.171422586430448	3.7547539575639286	1.9064436589688876e-4	9.315735681554931e-4	0.2238823387747475
B4GALNT2	0.15937117404125545	6.295106086025662	3.749066494167528	1.9491628055866015e-4	9.489719644717251e-4	0.20336547163508278
TMPRSS4	0.2539354314375438	6.14057374803926	3.719690121992002	2.1845468129015125e-4	0.0010597037994220428	0.09786557292998754
GPRC5D	0.13331115756635	6.057011970915251	3.718599557031035	2.193780337328757e-4	0.0010603271630422325	0.0939642385093995
SLC6A3	-0.7345468100862095	7.143882519592839	-3.715168391311637	2.223071280626943e-4	0.0010706054470600514	0.08169686724237657
TCL6	0.22294241966961637	6.4243305096973105	3.7138009330702384	2.2348471621353103e-4	0.0010724050770821957	0.07681083348734674
ACOXL	0.07339604951527381	6.117915476413466	3.712794081804366	2.2435551701731614e-4	0.0010727249451652318	0.07321437277364407
PTPN20CP	-0.14602961743916337	6.231135756192368	-3.702326707608198	2.335996303528951e-4	0.0011129353817527217	0.03588013562710568
IGSF23	0.05886140593177372	5.881679169544755	3.6982286919076746	2.373154049906487e-4	0.0011266147695997344	0.021291031795302118
AMELX	0.36379990477323665	6.124734144484115	3.6916226035438577	2.4342258488146875e-4	0.0011511206301784145	-0.0021944588899316386
CEACAM6	0.2790203289468141	6.169281821973458	3.6907894255775293	2.4420325212930384e-4	0.0011511206301784145	-0.0051536681295178965
ITGB6	0.3822075128918042	6.601356968544089	3.6859986099650976	2.487380165691056e-4	0.0011683680074055876	-0.022156901615325353
TNFRSF6B	0.39097564469888735	7.186856449470568	3.6657823476334928	2.6876013613533477e-4	0.0012579860407176723	-0.09367489454803479
WNT10B	0.3413918827137844	6.842844426920073	3.6645617884037276	2.700162050512755e-4	0.001259446215169236	-0.09798078152611467
KLK8	0.16210703181262776	6.040505540336986	3.6577458167224894	2.771324933377784e-4	0.0012881350038766422	-0.12200098230228384
MMP7	0.41824873512791527	6.632356076643982	3.651700579595246	2.835911728111305e-4	0.0013135785573960004	-0.14326929619020135
ZYG11A	0.3002540864621011	6.754734259069726	3.640158167624208	2.963175456904713e-4	0.0013677771832217604	-0.1837843958039942
ODAM	0.5550299166537992	6.314623379134799	3.6222850104447453	3.170867508294695e-4	0.0014585990538155597	-0.24627924719353889
LGALS7	0.17572395319897716	6.077179078258161	3.618554757877477	3.215903490071523e-4	0.001474232046651344	-0.2592852743042311
HJURP	0.5077695434159446	8.29356131176021	3.610620707153697	3.313696146771245e-4	0.0015138598149975482	-0.2869058057339222
AC016831.6	0.1252715334722426	6.018364258169943	3.6004631528899944	3.442969465320933e-4	0.0015675499203884383	-0.32218232209166064
AMTN	0.4635665229822462	6.187991754691752	3.59894817548607	3.462650836788833e-4	0.0015711483728830964	-0.32743559393188715
IGF2BP2	0.598771688641663	10.012922927259718	3.593804481417954	3.5302636545349883e-4	0.0015876679995442474	-0.34525587246249145
NUF2	0.41013441865506095	7.953678379074961	3.593733546007523	3.531204681498741e-4	0.0015876679995442474	-0.34550145708777613
TMPRSS11B	0.09565651232932512	5.9237511500487905	3.5934654704871622	3.534763087441091e-4	0.0015876679995442474	-0.3464295162261557
DTHD1	0.27097958425447105	6.661372644027749	3.592109032425349	3.5528199058227993e-4	0.0015904234075059108	-0.3511243968272808
TJP3	0.2183671888148038	6.314566908159577	3.5852382802819984	3.645618979187973e-4	0.0016265069291761726	-0.3748792805177237
DTX2P1	0.21516177648134652	6.859499654352866	3.5820829772514777	3.6889927433550267e-4	0.0016351714248831373	-0.38577382027842955
KRT13	0.43223183902975376	6.3365637237194345	3.5820423242993056	3.6895547143165236e-4	0.0016351714248831373	-0.3859141257389469
SLC6A5	-0.44165716900587487	6.726700377457683	-3.581076765502528	3.7029258409600896e-4	0.0016356632688214435	-0.38924610923289116
SYNPR	-0.6271664931874238	7.690696926546113	-3.5754265925837725	3.7820847377112844e-4	0.0016651158548207437	-0.40872668840692405
VSTM2A	-0.744400301189968	8.395335903055113	-3.554251500366975	4.0930759068476963e-4	0.001796106335439088	-0.4814719016811688
SLC23A1	0.10537246318968764	6.081517800249625	3.552333131337768	4.122402877453861e-4	0.0018030444060732622	-0.48804185721212967
BPIFB2	0.18676613590902114	6.202604289526614	3.5461333756677087	4.2185323693365334e-4	0.0018390595361748154	-0.5092513128954144
MAPK15	0.38876507937470994	7.045686591831547	3.5283030111519444	4.506825097157981e-4	0.001958340286517507	-0.570051466092262
ADTRP	0.1602529418626735	6.2990192967037855	3.524597047291649	4.5690145470101003e-4	0.001976575849060649	-0.5826516586685324
FOXN1	0.21744756005935326	6.025741843541154	3.52404036055511	4.5784253175392846e-4	0.001976575849060649	-0.5845432848137291
CACNG3	-0.49603859265163086	7.152587193890916	-3.5157007684810755	4.721594133272106e-4	0.0020318085721887065	-0.6128470140096915
LYPD6B	0.23452253396555112	6.43872441932596	3.512404353387421	4.779330974245477e-4	0.0020441482296916654	-0.6240169900755488
GDPD4	0.06479945352172636	5.921707375278129	3.5123143618209105	4.780916399278858e-4	0.0020441482296916654	-0.6243217876824092
H19	0.9915280240621017	10.166137706190884	3.4998161614311294	5.005943546207253e-4	0.002133523543335615	-0.6665799450322858
IQGAP3	0.49582391350833455	8.914952490719575	3.4924441400751634	5.143277755205184e-4	0.0021850740526890814	-0.6914380577542145
ANKRD33	-0.13424503765947116	6.241510423191886	-3.488396870010991	5.220163950051886e-4	0.002205013063454321	-0.7050638918958549
BUB1B	0.4968993455473964	8.553283234881112	3.488234576720641	5.223269325723878e-4	0.002205013063454321	-0.7056099643386426
COL20A1	-0.9718100932024367	10.683689307893792	-3.483814212049788	5.308516791807343e-4	0.002228291906684804	-0.7204739102947197
MELK	0.4581389933634164	8.15856524437632	3.483644252880953	5.311820287299607e-4	0.002228291906684804	-0.7210450551820538
KLK10	0.3017057464683034	6.549397847539125	3.481745266327219	5.348861717360128e-4	0.0022339834035279946	-0.7274247495812105
PPP1R17	-0.3973197855289289	7.249192276193607	-3.4812337369758293	5.358880728103135e-4	0.0022339834035279946	-0.7291426752267229
CLEC4D	0.11709576108624421	6.205750157091864	3.478421471445402	5.41427667990667e-4	0.0022489737898995135	-0.7385830933403685
PNLIPRP3	0.08889244490177504	5.935521110988784	3.4777008441060846	5.428557423895377e-4	0.0022489737898995135	-0.7410009698649542
SAA1	0.31819217656680954	6.321918364934373	3.4740798116961584	5.500849845485883e-4	0.0022718680166805474	-0.7531431225250689
ANKRD34C-AS1	-0.17568219736665674	6.2157855647584705	-3.469748419140707	5.588505095681464e-4	0.00230094623383922	-0.7676513361628317
PITX2	0.553142147380348	6.616549550347343	3.4667401316562407	5.650150015753162e-4	0.002319169268004529	-0.7777175250255821
BANCR	0.07796487522153152	5.924709674034282	3.4643382438289736	5.699823958533556e-4	0.002332381951129989	-0.7857485933224098
BDKRB1	0.13856338597840723	6.278992327599943	3.4609266804423435	5.771080343776997e-4	0.002354318403241136	-0.7971464806456074
P2RY10	0.148342157554495	6.394041905666581	3.4463634924618245	6.084710464489644e-4	0.0024746962681796297	-0.8456802619476651
CLDN10	-0.4892305260590593	8.415652893519768	-3.4424037058105523	6.172697328953502e-4	0.0025028505279100217	-0.8588428126482253
SPATA22	0.1536883982190679	6.487128670067551	3.4415459167904343	6.191913236946677e-4	0.0025030340176020807	-0.8616922366014848
UBE2C	0.5525658343376909	8.474246357564411	3.4349468890261106	6.341619104203257e-4	0.002555806611784636	-0.8835902451267659
CFTR	0.2592133515639055	6.557525925076389	3.4336964317363425	6.37036474719448e-4	0.00255965860625224	-0.8877351755932459
GATA1	0.07918238702035307	6.059040081670795	3.432339106797832	6.401704580246505e-4	0.002564526699714365	-0.8922327033448401
CD3D	0.18411527232528127	6.583064498214007	3.426523279759911	6.537623379405941e-4	0.0026085126758527066	-0.9114842469854789
FCN3	0.20509472216514535	6.567256055187527	3.425973392231453	6.550612791684083e-4	0.0026085126758527066	-0.9133028615658585
DHRS2	0.2690590428354557	6.63240304508926	3.4232182479208166	6.616057717553178e-4	0.0026267324390523627	-0.9224105868168815
HOXA3	0.48946789889910824	6.899260804459243	3.420155488976809	6.689524762367137e-4	0.0026480195943613533	-0.9325269382004038
GPA33	-0.1818293194392483	6.469675357967616	-3.4063007293738545	7.031460850016686e-4	0.002775138690509544	-0.9781807902942061
EVPL	0.3980120004571154	6.948562004939111	3.4026321129641905	7.124691315488627e-4	0.0028036395914046693	-0.9902397056261929
DSC1	0.2712147380367739	6.25643987068975	3.3911898222170658	7.422922768029798e-4	0.0029124055801622796	-1.027770835258937
PVRIG	0.1523761064165408	6.568201268597855	3.3829089960630396	7.645959716757404e-4	0.0029911173789309024	-1.0548564498631592
FXYD3	0.34298222812978135	7.0267719436310365	3.379331175936328	7.744241875726545e-4	0.0030207072111752076	-1.0665393857706729
TMEM114	-0.21153479848417647	6.277935323055556	-3.3772044235748235	7.803219298931522e-4	0.003034838059701064	-1.0734784037851224
CCNB2	0.4876738276182881	8.392025609154429	3.3761498161541055	7.832619618448838e-4	0.0030374170264566135	-1.076917744856841
CYP4B1	0.21209496753307847	6.364090614696624	3.3744180751038586	7.881120757940945e-4	0.0030473666930704987	-1.0825631490683447
SERPINB11	0.0403226776341249	5.878797106989368	3.370542280841682	7.990685144435052e-4	0.0030808017290972134	-1.0951879853139737
BPIFC	0.10014608451345795	5.9966917929499886	3.363803126544277	8.18457437860668e-4	0.0031464617351761705	-1.1171065756813778
DIRC3-AS1	-0.06167599079223659	6.041253245856715	-3.3587929274837247	8.331546864314737e-4	0.0031937596313206494	-1.1333745241692954
LCN10	0.15012398641380365	6.360636095437732	3.350868232582367	8.56903487184537e-4	0.003275384675943187	-1.1590581151086106
ALOX15	0.22801627999596125	6.379587264284631	3.333638434806658	9.107257135175302e-4	0.0034711660052353867	-1.2146976915923613
SLC6A7	-0.39593082332779217	6.871193203241846	-3.3283076706740293	9.280037458283829e-4	0.0035179177485714537	-1.231856220965259
PYY	-0.17859502681854303	6.216865799365793	-3.328227423756201	9.282661525465906e-4	0.0035179177485714537	-1.2321143157774168
SPINK5	0.35166068367364717	6.4025161232937915	3.3189636174214883	9.590261975548719e-4	0.0036241953188050962	-1.2618688444714659
MIR7-3HG	-0.29418858479039317	6.671879954031956	-3.3171051694574225	9.653099677794992e-4	0.0036376369972255704	-1.2678283992420623
EFCAB8	0.07881958149294614	6.263135143779075	3.3158078988762467	9.697189219328411e-4	0.003643957864389887	-1.2719865006652862
ADAMTS19	0.3133479283272942	6.924816513759819	3.313847086909396	9.764185117162573e-4	0.0036566132671787908	-1.278268458210035
PTGFR	0.2762051669926835	7.02147891523879	3.313220361199642	9.78568917828207e-4	0.0036566132671787908	-1.2802755780682
BRDT	0.034332563367869315	5.8930097658275535	3.312196023517171	9.82093068036978e-4	0.003659531152964605	-1.2835552827684822
HTR5A-AS1	-0.26922872296549355	6.440473944426059	-3.3111140066843245	9.858284515278514e-4	0.0036632177001062775	-1.2870186028438688
LINC01198	0.18889754072204556	6.228700521656057	3.3075473068583507	9.98235152991781e-4	0.003699015816919544	-1.2984271810888686
ANTXRLP1	0.04208487306533512	5.919379803125632	3.3060370410821323	0.001003532130553902	0.0037083431084734214	-1.3032544044711676
AKNAD1	0.1926645249385224	6.538328898401623	3.296133115969878	0.0010389198852653197	0.003828505875535736	-1.3348574404370535
WNT10A	0.3281357179536801	6.754219511875322	3.29247587061477	0.0010522777448740855	0.003862091112491077	-1.3465044752478121
LINC00668	0.10178639201363185	5.9775992947877405	3.2920553169668936	0.0010538239617291995	0.003862091112491077	-1.3478429915127919
TARID	0.13122495768780282	6.148020567210687	3.2871156401545623	0.0010721437194159402	0.003918464990961272	-1.3635524069233487
GSDMA	0.15560733143492028	6.5602897697228855	3.269024392396293	0.0011417899456581263	0.004161605976797651	-1.420893036139594
PRC1	0.43611465179531966	9.904859233519572	3.2612159613809752	0.0011731264437058674	0.004264170779028957	-1.4455477993109414
TNFRSF13B	0.0686194704779727	5.983668119043031	3.2590763188838547	0.0011818512023649191	0.004284210608572832	-1.4522937005976875
DNMBP-AS1	-0.16262398050646062	6.518191353572816	-3.254002400845551	0.001202781799849336	0.004348268078588115	-1.4682737718300691
SCEL	0.17227505443569066	6.199934519069752	3.2524416336368414	0.0012092888927508253	0.004359976710620543	-1.4731845080707693
RTBDN	-0.2852052540513844	6.890066099127395	-3.2428043624462237	0.0012501957773898033	0.004495313118700802	-1.5034565099092623
CCDC178	0.17219250027750388	6.508533057888286	3.238793065054936	0.0012675969002016569	0.004545629744271533	-1.516031013891883
CEACAM3	0.11680484021003483	6.20836714694218	3.235391755377064	0.0012825272218605869	0.004586839983812394	-1.5266815833244003
LINC01811	-0.06012113706088549	5.934154859643194	-3.2298477097658904	0.0013072124865582653	0.0046626242167613	-1.544018593056479
MUC4	0.2799285042924781	6.723648046409456	3.2230933567664333	0.0013378805842265869	0.004759287198288712	-1.5651016397308286
IL1RL2	0.12571657912941273	6.4803560901303845	3.218985193207834	0.001356857757356735	0.004813958107217778	-1.5779040386207868
LINC01231	-0.10028789850032732	6.016967803548596	-3.2178309113278893	0.0013622344490978227	0.004820214204499988	-1.581498327890153
TNFRSF18	0.17922824150407843	6.569291040646647	3.2032857235282726	0.0014316961806564844	0.005052599748666006	-1.62668360262066
KIF2C	0.447499190048671	8.624995702983167	3.2003875159393527	0.0014459220795559093	0.005089340512209981	-1.6356634046385938
C5orf58	0.08353652537419137	6.04803156699726	3.1950939279230424	0.001472243423701672	0.005168349282152712	-1.6520447935956177
GAL3ST1	-0.5345950736928007	8.99863586464732	-3.190749854744833	0.0014941734127208624	0.005231567802020027	-1.6654682811428936
TPX2	0.5014102690721991	9.83061451196601	3.1869854529321073	0.0015134206812288766	0.005285086881568904	-1.6770862817595713
FAM95C	0.27415534803302455	6.844726021994063	3.1857532565232676	0.0015197704359739737	0.005293404077256608	-1.6808863086751957
LINC00463	-0.22814469976088478	6.466360478450409	-3.183308489731173	0.0015324416992472938	0.00532363861144763	-1.688421635863361
HOXD8	0.3769370041202792	6.926809489008291	3.181422156295317	0.0015422851892333358	0.005343918032304598	-1.694231926130226
CERS3	0.18400605032039744	6.568005284911016	3.176071894535674	0.0015705230592216318	0.005427662593268541	-1.7106937222480667
SPRR3	0.1776413897544654	6.028458332426733	3.1607924086333448	0.001653814543449588	0.005700745738919252	-1.7575585898908628
TCAM1P	-0.21147024374113588	6.633154522459146	-3.1564454643612465	0.0016782444817926316	0.00577004674925611	-1.7708515336018378
UPK1A	0.06384754039558113	6.034872108398766	3.1555992635186634	0.001683038682940195	0.0057716545065352705	-1.7734371579242545
KLK11	0.23966693955691593	6.126383888783986	3.152369375229634	0.0017014541528329202	0.005819845743279783	-1.783300142868586
SAA2	0.2625874684323524	6.377853469219252	3.1498008797653023	0.0017162310721139796	0.0058553765989771064	-1.7911364905920744
CLLU1OS	0.07224443793066082	5.900369996357007	3.144206690416874	0.0017488256309266387	0.0059513606930003465	-1.808182709247835
UGT8	-0.6467068440416847	10.480717987665146	-3.137924259728373	0.001786109893148534	0.006062775057150494	-1.8272911714808577
HABP2	0.19060677867152942	6.482089976853809	3.131206538364	0.0018267868384128963	0.006180945983108166	-1.8476827251559484
ALDH3B2	0.14905533995670442	6.025151395752998	3.130650752873229	0.0018301901524195845	0.006180945983108166	-1.8493679121966036
KLK4	0.19715212321520234	6.195153186363615	3.127788664074609	0.0018478086248859746	0.006224688650499723	-1.8580414195535386
IL36B	0.052830916222921326	5.893500943817958	3.1235583392639046	0.0018741359432026656	0.006297474428796866	-1.8708472929256725
BPIFB4	0.2331386300662924	6.309255374351687	3.1199822006332174	0.0018966609304213397	0.006357149952718762	-1.8816597668552166
LRRC9	-0.21196416058351297	6.833766507508184	-3.1190568098700955	0.0019025301401473453	0.00636084011768561	-1.8844557398448964
PAH	-0.22950761276379525	6.949283118788151	-3.1164418275210175	0.001919205949381847	0.00640055184118846	-1.8923523040076962
PRSS33	0.15700914944657127	6.2296820339240675	3.1056216690484724	0.0019896465650790663	0.0065937410470860115	-1.9249582639171932
SNX31	0.228376368356574	6.7845968047713345	3.1053238924275663	0.001991618343928126	0.0065937410470860115	-1.9258540465818887
POU2F3	0.15969465992675916	6.23686360137118	3.105271983711416	0.0019919622503565687	0.0065937410470860115	-1.926010191800307
AC092155.1	-0.06058208635408001	5.998621468334439	-3.0957229119277554	0.0020561646404290454	0.006789414926565214	-1.9546915378649254
TTC22	0.23129376435156607	6.657246282812331	3.0924345897631547	0.0020787102942278445	0.006846912425925789	-1.964548473915328
ENDOU	0.17378202632547382	6.775282807017849	3.0893526594706375	0.002100047028462764	0.006900154522091939	-1.973777535809746
ASB15	-0.1164500311354303	5.990941026010726	-3.0864057949981154	0.0021206368286698593	0.006937087856177779	-1.9825938049619785
LINC01206	0.2844459770172534	6.811169390262105	3.0862560497773615	0.002121688039970415	0.006937087856177779	-1.98304158719381
LRRC63	0.12818651805027484	6.5164524689890335	3.082760653575835	0.00214636222947316	0.007000604435494364	-1.9934878757257621
ARMC4P1	-0.11048509677783784	6.609696943786997	-3.079837600547808	0.0021671984356325794	0.0070513236905703925	-2.0022148711877765
GAD1	-0.6320489136318518	10.013516783291948	-3.077424127486005	0.002184542174436239	0.0070904604883161625	-2.009414437669948
DENND2D	0.2834068282007361	8.296964156113479	3.0646287004417783	0.0022786423764878834	0.007377934296686497	-2.047492859514164
CCDC39	0.204947211987129	6.7361008503290645	3.0638720709132183	0.0022843216912325887	0.0073784143731338335	-2.0497397335059695
LINC00355	0.06630131232755747	5.914754426969165	3.052053527135468	0.002374736499905353	0.007651928721917249	-2.084766142143468
C7orf33	-0.21561785629784577	6.151741855888414	-3.042230424003004	0.002452372751356219	0.007883048795925773	-2.11377892555409
TMEM45B	0.18080140959012153	6.710922275137768	3.0291657466001394	0.002559237285906129	0.008193806574047146	-2.1522253911200764
AADACP1	0.061733583399071125	6.108141029505163	3.0289146524721855	0.002561332339863313	0.008193806574047146	-2.152962735643106
TIMD4	0.10972232448602075	6.368162894455549	3.028111588223942	0.0025680434275299263	0.008195621847667277	-2.155320557359616
SIRPG	0.12847276761706322	6.42873961012835	3.020015990354101	0.0026366031798963734	0.008394340434324014	-2.17905564677942
PKHD1	-0.20963589300454688	6.461061319694556	-3.015232867966147	0.0026778945649857198	0.00850550321354988	-2.193050111311882
LINC01902	-0.28042234990533715	7.058655919651801	-3.01263005160337	0.002700612080420412	0.008557283884277504	-2.200656401394883
CSF3	0.1626624140624011	6.197338279952573	3.0118285304341064	0.0027076432710807564	0.008559232520430638	-2.2029974290876835
LINC01405	0.07975501340326772	5.955340210798676	3.0091752720232114	0.0027310382746136056	0.008612777915684515	-2.2107425754639403
DCDC2B	0.0613026805627413	6.142963112733593	3.0060148609084556	0.0027591466230945543	0.008680899988698433	-2.219959520129512
WDR49	-0.42865226706403875	8.868656699531902	-3.004932147998928	0.0027688369161984706	0.008690890461667669	-2.2231149580181704
SLAMF1	0.1427822706003473	6.518842176308213	3.00159828032463	0.002798871125744871	0.008764540097989808	-2.2328241975564573
ABHD12B	-0.3365906542355184	7.348294677175992	-2.998115839161303	0.002830562077702785	0.008843020636195586	-2.2429549700978715
LINC01632	-0.33884109642701443	6.549613635180631	-2.99711381288882	0.002839741393780681	0.008850969671269693	-2.2458678531076384
TMC5	0.20798315076944288	6.429469750091817	2.987386371437729	0.0029302788387774465	0.00911186939610516	-2.2740963811547434
LIPJ	-0.09095706252336808	6.309389692102483	-2.9856683335237726	0.002946541102791914	0.009141129839824217	-2.2790727909489874
LGALS9B	0.1290341078918949	6.123741717476176	2.9844423264619047	0.0029581964354090974	0.009155995463655999	-2.282622303513107
TNNI2	0.14769728418872363	6.5418160495177515	2.9831849895362756	0.0029701934049649863	0.00917184722736873	-2.2862610531799143
MGAT5B	-0.5038217922754993	9.504298147970857	-2.9788078362551467	0.0030123063044692894	0.00928040787566289	-2.2989169922366406
C5orf64	-0.2418503613567339	7.079687167254721	-2.974384154821067	0.003055421004644368	0.009391547511971398	-2.3116891473484227
SELP	0.23768659869286002	6.653363619369651	2.973663905634744	0.0030624939711358925	0.009391648178150072	-2.3137669244523575
PODNL1	-0.5943139573609025	9.208538997794173	-2.9696171650860825	0.0031025127207311006	0.009492550388658918	-2.325431898092721
FAM83A	0.17734812687713006	6.175386850161977	2.9685248518664786	0.003113396376077449	0.00950405209539432	-2.3285779155713744
AKR1B15	0.08782498308947403	6.058502997636543	2.9641099463521865	0.003157742369497743	0.009601308794077695	-2.341282030320335
BUB1	0.4152611789246432	8.776166665353315	2.963921196148817	0.00315965109490263	0.009601308794077695	-2.341824759695818
TROAP	0.42516387741996425	8.219709892472048	2.958861822898073	0.003211208241258781	0.009735799531452758	-2.3563599057210505
ZNF728	-0.235096262029247	7.1234073898369985	-2.9496087305459424	0.003307493817835097	0.010004981299301632	-2.3828809095711314
IL18RAP	0.1704341107602837	6.599514916110397	2.946058644798878	0.0033451297148848966	0.01009593447886075	-2.3930346863297354
CHRNB4	-0.25506540480465645	6.767283327028191	-2.940602398389622	0.003403736345183841	0.010249625924323349	-2.408617228592311
LINC01266	0.22600895109481306	6.80982180498739	2.9390494162880327	0.0034205877316636248	0.010277171247836206	-2.413047277712278
SYCP1	-0.2481996171390743	6.185000835458239	-2.934555647636593	0.003469779377371103	0.010387610195173938	-2.4258534400707177
RAB25	0.24405325098166572	6.388694299720561	2.9341799375582713	0.003473921237893966	0.010387610195173938	-2.426923261913842
TREML3P	0.08578544077356864	6.141141365723587	2.9332196134180966	0.003484528443796596	0.010387610195173938	-2.4296571483251173
PRAME	0.6720489323477659	7.829884880186104	2.9328613865963273	0.0034884927791888486	0.010387610195173938	-2.4306767392434168
FGL1	0.1524986829231409	6.552605789294747	2.930503552572614	0.00351468870929554	0.010442304539421493	-2.4373846274834277
GAL	0.29416196709678444	6.897229909543485	2.927033488405239	0.0035535681799074063	0.010534355448881066	-2.4472472128570395
LINC01605	0.2112246950702135	6.509264502375699	2.9252502085302905	0.003573700718508672	0.010570547136342723	-2.4523112213272187
RD3	-0.40441846600415327	6.61080197339748	-2.92037422397591	0.0036292808806276627	0.010711196227339164	-2.4661423334365935
DHDH	0.09422046691000344	6.4213586245554595	2.918180862923883	0.0036545385272508824	0.010761930232566616	-2.4723566672621455
UBASH3A	0.13775544176348353	6.481243723989575	2.917000803780762	0.0036681936981706395	0.010778348884052056	-2.4756981903862822
ANGPT4	0.13384230434270888	6.4873416991762065	2.914752801765075	0.003694335444341292	0.010831304357695129	-2.482060129896623
BIRC5	0.5110329049128911	9.003088616125147	2.912809819657157	0.00371706683849032	0.010862338653665532	-2.487555012435406
HPSE2	0.39400305099384175	6.928549212820745	2.912457190339575	0.0037212059705585823	0.010862338653665532	-2.4885518900374484
CHRNA3	-0.34660969371322015	7.149152692416136	-2.9109224885257547	0.0037392691327767713	0.010891233674943695	-2.4928891029533737
CHRNB3	-0.178432107691638	6.233047445903234	-2.904074210983413	0.0038208498605966502	0.011069594718875019	-2.5122159227482763
CASP5	0.08837866318751675	6.324335280354016	2.9038621306858814	0.003823401974260393	0.011069594718875019	-2.512813737807422
PDE6C	0.0786907876784965	5.969440700438161	2.9036962120491743	0.003825399674213931	0.011069594718875019	-2.5132814021295564
BEST3	-0.4958713079227185	8.871984534031885	-2.8987809878930832	0.003885013153367952	0.011217765252365472	-2.5271238567451046
HOTAIR	0.2157491717151269	6.1338196210695175	2.895389080147692	0.003926643372288	0.01131348220006953	-2.536662999224218
NUSAP1	0.45543094106376403	9.402650508764177	2.875983074867484	0.004172729081976119	0.01199659611068134	-2.5910302966542655
LINC01549	0.13800672566256164	6.368585846984152	2.8744629792282077	0.004192585567637238	0.012027761606942097	-2.5952739451818925
HAGLR	0.42930528415764535	7.676965466337753	2.873026465979821	0.0042114291822891075	0.012055893839428474	-2.5992822527169297
SLC26A9	0.18355407870674553	6.688361416279714	2.8672289340133665	0.0042882641060938585	0.012249559566443698	-2.6154393326809178
PSG9	0.07952898838350037	5.911714916977273	2.851129600705644	0.00450835871282437	0.01285074898057203	-2.660139991359455
ESPL1	0.40819948857042676	8.523004415270139	2.845410116377172	0.0045889873332184885	0.013032577284876343	-2.6759615236550416
LRTM2	-0.3533519129571778	7.146806930176844	-2.845220150092179	0.004591687649094364	0.013032577284876343	-2.6764864880285644
MYPN	0.14911120904362093	6.257305211210557	2.8417060619629577	0.00464190028325282	0.013147123095242592	-2.6861913850315546
CYP4F35P	0.12898807413680327	6.389792999048397	2.840296955740307	0.004662174563477842	0.01317656963491407	-2.6900796530001005
TGFB2-AS1	0.06736040989939782	6.182670381543652	2.837487270312402	0.004702840537376568	0.013263402276660343	-2.69782706050642
KIF14	0.38492516211178635	8.439378730706236	2.8358617171695184	0.0047265147162880924	0.013302047745840328	-2.7023059439276564
GCGR	0.1384626580966847	6.112101143225891	2.8350758788220958	0.004737998217587421	0.013306293941603412	-2.704470267602119
CA1	0.1123182599572841	6.247334948809768	2.832069917550311	0.004782158520912214	0.013385064233052428	-2.7127437777631362
ENTHD1	0.09163204894042103	6.012437464807202	2.8318019234206475	0.004786113672538237	0.013385064233052428	-2.713480981569224
PGR-AS1	0.04230802665496895	5.94629452387577	2.825551688994627	0.004879202644209798	0.013616854241372114	-2.73065500622173
IGF2BP3	0.5045668140199345	8.82783923787946	2.8240235565715883	0.004902210556163356	0.01365250288501444	-2.7348483014386713
AADACL3	0.03099336144575945	5.875637918752506	2.819689493875216	0.0049680014268759076	0.01380690396552596	-2.7467292455332166
AL121578.2	0.03203014793279023	5.892124389014474	2.816212055833779	0.005021366464366065	0.013926201379343722	-2.7562490902273167
DSCR8	-0.2134827803873708	6.135657098582287	-2.814136894561479	0.00505345907679983	0.013986129478114052	-2.7619246114410254
PVALB	-0.34679651917909843	6.83229478951297	-2.8052232087929503	0.0051934350182185965	0.014343772907460885	-2.7862570436009015
FEZF1-AS1	-0.40417719633888755	6.9480662688372465	-2.8020403040853705	0.005244262552802853	0.014454227779832657	-2.794927480123729
AC007098.1	-0.06068832797676261	6.247989113203298	-2.7985828324040525	0.005299984767384271	0.01457769006121777	-2.8043349979246277
RRM2	0.4764572343295691	9.131705506384996	2.7904149637012736	0.0054337571613011825	0.014914880767851394	-2.826514240049354
KLRG2	0.07831154020497198	6.185977301774378	2.7871053873253024	0.005488825523210522	0.015035099071792271	-2.83548318180324
SLC30A8	0.14336192395427516	6.099671474335171	2.7820708348421905	0.0055735647605690735	0.015235933177457264	-2.8491069295737166
TMEM196	-0.3201305200660228	7.640336340877108	-2.7788394171292485	0.005628576231798543	0.015351106894072883	-2.857838667628108
MAGEA4	0.07668192922480538	5.915938023341186	2.7782471275678313	0.005638712427358106	0.015351106894072883	-2.859438044396891
ATP6V0A4	-0.26359081904518844	7.098598364117703	-2.7758119707093023	0.005680560375662949	0.015433538780314407	-2.8660102808181245
ZP2	-0.21937650511898532	6.158166694650476	-2.7710412206820036	0.005763360284064948	0.015626671989720814	-2.878869772621924
SYNGR4	-0.12952880997744393	6.2263819909210785	-2.769078346226677	0.005797743073149354	0.015688010668521782	-2.8841544184987518
EXOC3L4	0.07734674068804782	6.102203434634849	2.7671099425236774	0.005832408801419648	0.015749865062942937	-2.8894502880304485
LCTL	-0.25994516082183683	7.528084631727915	-2.7661195710760027	0.005849921060435693	0.015765241807315585	-2.892113434679821
TNRC18P3	-0.09228482926530181	6.099086275285265	-2.764408718422642	0.005880285222206572	0.01581512194843461	-2.896711795197325
EPHA6	-0.4320740209199832	7.55568054678849	-2.7607735375436757	0.0059452755851901575	0.01595774171155668	-2.906473087381896
PAX3	-0.5811784173102155	8.160920037490317	-2.7587650356644167	0.005981461583374106	0.016022630024540276	-2.9118610078953013
NLGN4Y	-0.676122883685896	9.148930642224252	-2.757454936077615	0.006005171967073556	0.01603952855917453	-2.9153733660865013
DMRT2	-0.4432440158921736	7.5849724949326705	-2.757088591396565	0.006011817301039928	0.01603952855917453	-2.916355240131345
LINC01389	0.03400263631318347	5.902641741157668	2.7554734241381467	0.006041195004117526	0.016054593992856366	-2.920682682934532
SRGAP3-AS2	0.03468603149366499	5.910440002546102	2.7554548348548367	0.0060415338713747345	0.016054593992856366	-2.920732473959688
ANXA13	0.09949740931499128	6.280750486452032	2.7510844131847634	0.006121681147159464	0.01623523389723802	-2.932429478291394
TTK	0.35233710101882876	7.921091544257544	2.7496816985933785	0.006147607692631478	0.016271644170576173	-2.9361798712702725
FAM72C	0.18553886911370812	7.0737289960048235	2.74554353575011	0.006224672491038089	0.016442996243653092	-2.947233085339442
CCL23	0.05657744256263627	5.996265449085783	2.7446111724746696	0.006242155758237917	0.016456592453536326	-2.9497212293610366
GP9	0.10964442809460077	6.254011738871337	2.7331184579930663	0.006461331636712118	0.017000821308429913	-2.980323529611117
C2orf80	-0.3135999348619141	7.633745510198637	-2.731193571952205	0.0064987120667849094	0.017064256271968285	-2.98543679642248
MOGAT3	0.02849122395067353	5.884920620169084	2.730561744495926	0.006511024319664061	0.017064256271968285	-2.987114417307265
IRX4	0.13615056091330133	6.173425780572953	2.728132502323415	0.006558558459947107	0.017117856188103818	-2.993560989201035
NEIL3	0.27077628277491456	7.4628877527375925	2.7280808748825924	0.006559572065413585	0.017117856188103818	-2.993697934202175
LINC01805	0.03656035555064481	5.886169785573999	2.7267871958756054	0.006585017118743387	0.017117856188103818	-2.9971286735826412
CLEC17A	-0.26126958245219417	7.324429324174817	-2.726430721758994	0.006592044140951025	0.017117856188103818	-2.998073737359806
LHX8	-0.37234076832801305	6.464835401626331	-2.7262486555136447	0.006595635742642701	0.017117856188103818	-2.9985563745047945
INTS4P2	-0.21144233082022065	6.756008526398262	-2.7135112337896325	0.006851327296964605	0.017746933231360743	-3.0322438534351392
LHCGR	0.18224126358648632	6.456062877475445	2.7081828634923877	0.006960912753112022	0.017995848086533796	-3.0462905063796373
ADORA1	-0.49001478741984034	10.75248069182526	-2.703292630133597	0.0070628736360404095	0.018193363468573875	-3.059158449403649
AQP4-AS1	0.23442448481717257	7.272264745949143	2.7032108834143393	0.0070645894128345335	0.018193363468573875	-3.0593733613662057
SCT	0.07528566225107035	6.0365020511607765	2.6995695000031126	0.0071413998263178255	0.01833249587372368	-3.0689401220131347
F7	0.13309290690625153	6.544621919302529	2.6993478071545716	0.007146100340581944	0.01833249587372368	-3.069522154516747
SMIM18	-0.182891743625291	6.874598214892519	-2.6942177778013674	0.0072556520391045855	0.01852022589960248	-3.082977514955739
TRIML2	0.06885033367260336	5.990479768323367	2.693742578648911	0.007265875981997297	0.01852022589960248	-3.0842226335431038
GOLGA8M	0.11230002061613874	6.673467441594581	2.6931293665970775	0.007279088434918851	0.01852022589960248	-3.0858290574653124
C6orf141	0.2488502196702713	6.895655470420812	2.6928018778339076	0.007286153457316114	0.01852022589960248	-3.0866868295445085
LMNTD1	-0.15153986079786852	6.576992911948808	-2.692684156705056	0.007288694600668143	0.01852022589960248	-3.0869951447215023
VWDE	0.28409071823418686	6.669728791662844	2.673371923424666	0.007716524446472551	0.019570044888962704	-3.1373964441632136
ISL2	0.24708269782129696	6.598875514589194	2.6705400713660303	0.007781121266170086	0.019696424609242685	-3.144757289288873
NLRP7	0.044359599245729985	5.948562387523269	2.667866050070077	0.007842563296006706	0.019814354994077545	-3.1517008963818443
LINC00645	0.23028188378178047	6.635279385618955	2.662551957019283	0.007965962235677302	0.020056840048671823	-3.165479804360627
CERKL	-0.3593713853156226	7.48222938729639	-2.6624387614476532	0.00796860961453978	0.020056840048671823	-3.1657730174397876
ANOS2P	-0.20602142003982488	6.679224456835769	-2.6510615298321873	0.008238760225021588	0.02069775167641958	-3.1951816528621966
AC062028.1	-0.11006834533020562	6.385367042601872	-2.648385771668103	0.008303477155957955	0.02082112504896224	-3.202080277723984
ZNF503-AS1	0.07901531371444495	6.319666787388311	2.6470049632642443	0.008337051972488371	0.020838969963695077	-3.2056376101600703
PCDH15	-0.574484249936573	10.128793762242449	-2.646808597298399	0.008341836552183787	0.020838969963695077	-3.2061433544174207
CCDC144NL	-0.1773935658365547	6.4608666846407745	-2.6440467463324793	0.008409392158987812	0.020968465682410734	-3.213252673400613
ATP4A	-0.12706264473368709	6.143503839499536	-2.6417412026153086	0.008466161612829311	0.021056268393006398	-3.21918185642782
FAR2P3	-0.1809834496170413	7.034931727690324	-2.64075369122623	0.008490582049250503	0.021056268393006398	-3.221719901773975
C9orf135	0.13173108242812961	6.159792702940489	2.640698113645749	0.008491958317419371	0.021056268393006398	-3.2218627165580744
SKA1	0.26257240882802046	7.61117030825286	2.634438505634119	0.00864825069139495	0.02140401933640234	-3.2379289232223933
ANXA8L1	0.24408783019226418	7.009113702869562	2.631795949123233	0.00871500130553917	0.02152928100294306	-3.244700258025859
KNL1	0.41233936629360285	9.039672253857445	2.624093410321884	0.008912207789454748	0.021975758209117624	-3.2643995216431576
LPAR3	0.31987862357848396	6.759756516512726	2.6206616116292745	0.00900135109374489	0.022154616898626724	-3.2731581978267674
KIFC1	0.39809255030063956	8.882122380708816	2.6181977475939844	0.009065843045289682	0.022272255289901358	-3.279439596219404
SLC17A7	-0.7063119057952062	9.116501834972428	-2.6169218782778185	0.009099401357920728	0.02231360553578355	-3.2826900417357163
KCNJ10	-0.6323416183125473	12.032968562389371	-2.6096341094714677	0.009293226428178487	0.022747090009523123	-3.3012269286120484
GZMA	0.16395492991252728	6.75942441777696	2.6088002316279466	0.009315638023764115	0.022760185208244195	-3.3033447285114956
ASPM	0.5043928206171161	9.480800576822297	2.6022313640659256	0.009493882435476341	0.02315327087554925	-3.320004564201311
APOC1P1	0.08765073670849274	6.480394138423377	2.6008577446145718	0.009531538465439401	0.02320268670236526	-3.323483123933499
ADAMTS7P1	-0.19170903628658276	6.7290970873404	-2.599768460195045	0.009561494679892939	0.023213661867343832	-3.3262403566867547
RNF157-AS1	-0.18295656046275555	7.374915138413284	-2.5994288985583434	0.009570850095231715	0.023213661867343832	-3.3270996356122837
ASIC4	-0.4687245392102861	9.5700705258871	-2.589272790930023	0.009854474911683987	0.02385077260532736	-3.3527495154023756
IL22RA2	0.034276685449458916	5.880915407015107	2.588749666591653	0.009869285215997529	0.02385077260532736	-3.354068041221796
TENM3	0.600841455024688	10.3491794275009	2.5878712133639095	0.009894200055847105	0.023867744800180904	-3.3562815816752978
FGF4	0.25497924505536973	6.103437967151694	2.5782019511694196	0.010172176588060832	0.02449401366150388	-3.3805978240379453
TAC1	-0.3220273712646731	6.921846943404047	-2.572750406553001	0.010331954504055078	0.024798633893956083	-3.394268137627298
TRHDE-AS1	-0.2891543134350379	7.609868857598182	-2.572616764670352	0.01033589934323291	0.024798633893956083	-3.3946029033223475
CBX2	0.40304598840758427	9.345961788174035	2.571988851080154	0.010354452083158574	0.024798633893956083	-3.3961755653748202
LINC01508	-0.12495064143193056	6.249526975082727	-2.569621731354507	0.01042465993335072	0.024922036471487205	-3.4021008405901587
KRT77	0.09711575169002076	5.9760864136664065	2.567401859010932	0.01049088599523539	0.025035495380400733	-3.407652686243295
HDC	0.1528874267312758	6.433744631282617	2.5596886805642742	0.010723921888453043	0.025545913927136354	-3.426906687470626
P2RX2	0.10979416098491807	6.134484875192782	2.5574277653744915	0.010793099191423471	0.025664874013117487	-3.432539756444602
BLK	0.12364782286824193	6.335852553150178	2.5564248373324308	0.010823912951199445	0.025692348535409356	-3.4350369927597626
GRB7	0.2349680298435417	6.597866313281713	2.5534732955099897	0.010915050870794545	0.025862660500248533	-3.4423806146188993
EME1	0.22537077592418603	7.59661381251049	2.5452437439159263	0.011172784742259325	0.026401843854168473	-3.4628124444450057
LRRC77P	0.049827651428072814	5.99277423534675	2.5449466320729384	0.011182190238084849	0.026401843854168473	-3.463548889273734
BCAS1	-0.7191669072392932	11.276096926518116	-2.5442458633623732	0.011204401992372657	0.02640754815870163	-3.46528553680569
ERAP2	0.35545771480366006	9.320464129668931	2.5344871627819208	0.011517824438630175	0.027098373546971168	-3.489420969792453
SLC52A1	0.13461753731558276	6.622800426670572	2.530281138126489	0.011655299006902747	0.027373536752127225	-3.4997954244596574
COL6A4P2	0.1375262520347185	6.593556423286667	2.529429666855388	0.011683306453671246	0.027391091053071078	-3.501893586525548
AGMO	0.18046659323826922	6.600196729723822	2.5270108132493356	0.011763196628493868	0.02753000754808916	-3.5078502618304883
ANKRD26P3	-0.11262330744043758	6.148086051078046	-2.526386264598503	0.011783903038255859	0.027530169269760624	-3.5093873713918753
CPA6	0.0945719124845539	6.227446625955976	2.521736022511237	0.011939099817473098	0.027843984539351593	-3.520820639484389
FAM222A-AS1	-0.09077273114222795	6.323426330174319	-2.5204992975050633	0.011980678829768485	0.0278667420212322	-3.523857831019751
CLEC2L	-0.3010900895719201	7.389998203960981	-2.520203664648162	0.011990637121579674	0.0278667420212322	-3.524583640418524
TMPRSS3	0.16985597628093105	6.483412882404552	2.5166962031031663	0.012109347373887532	0.028049800219330994	-3.5331884663752313
C1orf143	0.04522921495913277	5.980726844246086	2.5165296179363295	0.012115011345314208	0.028049800219330994	-3.5335968566884266
AGR3	0.0682990628139323	5.932657317566861	2.5160161352668595	0.012132484802514231	0.028049800219330994	-3.534855513917347
FCAR	0.17534768995205294	6.773257685968158	2.512983357409748	0.012236145528373451	0.028240515804239072	-3.542284383442267
LIPN	0.0521475145923616	6.007123494036972	2.502679592943609	0.012594230836075516	0.029016759819213707	-3.5674582266214534
FOXM1	0.43564386450141435	9.624164025769234	2.499370730361903	0.012711180241776813	0.029187892465470586	-3.5755208661011917
TULP1	-0.34866852517454916	6.74063764554654	-2.499340081094127	0.012712268007824896	0.029187892465470586	-3.575595499760929
PRSS57	0.03254811327817243	5.922716765284706	2.49461805714643	0.0128808461447527	0.029524138757903953	-3.5870833422093527
NCAPG	0.40043471518179174	8.679294645551998	2.490938382778428	0.013013583614518865	0.02972816030585539	-3.5960205920219064
ANKUB1	0.14397036393025828	6.413982636524203	2.490915109516114	0.013014427000464429	0.02972816030585539	-3.596077077382654
CCKBR	-0.24628363740285383	7.040493065267553	-2.487236152004108	0.013148357502653824	0.02998275027100889	-3.6049995938689756
MYBL2	0.42117968920938176	8.744513569305102	2.485530228424216	0.013210874340441226	0.03007390165554368	-3.6091325616990626
SLC22A8	-0.16517805759602347	6.268562411573074	-2.4842485459193044	0.013258017247714032	0.030129804102982147	-3.6122358876641045
MUC16	0.27616906243496914	6.669922470675139	2.478027672583246	0.01348895819847136	0.030602500402654415	-3.6272761679882652
MUCL1	0.10330770018634085	6.006310358099428	2.4767261609536155	0.013537723303427663	0.030660989621005944	-3.63041817794521
ARG1	0.10442549590217472	6.325746559527237	2.475198185593048	0.013595172790730125	0.030738916106498284	-3.634104836788513
HCRTR1	-0.16049094829202243	6.410577504568	-2.4722117202092093	0.013708082989601248	0.030941764311553408	-3.6413040698093497
MIR124-2HG	-0.37321186509033	7.817285053818149	-2.466160528972489	0.01393941080580765	0.03141076691714089	-3.655865098241952
C1orf87	-0.2515077934394247	6.971866041609022	-2.4649861102879815	0.013984705272844183	0.03145969111968658	-3.6586870617680396
LINC02074	-0.03241634746376799	5.8871514099919375	-2.4637678965630188	0.014031826382811655	0.03151255285298105	-3.6616128676956152
DAPL1	0.19955230062682228	6.707707791993169	2.461774076730058	0.014109251504135044	0.03163317900254815	-3.6663984045618667
TDO2	0.1475732677652411	6.521048438348668	2.452377416568204	0.01447925861385996	0.03240827347464629	-3.688901044912135
SLC5A9	0.11786900551458192	6.628242437516476	2.446244028940446	0.01472537235223622	0.03290393085072549	-3.7035434989840845
GRIA3	-0.4924090969480638	10.980408145228273	-2.4451778942691242	0.014768528100050929	0.03294517806934438	-3.7060850556586566
C10orf90	-0.3901765955617143	8.772406447589704	-2.4399121245136284	0.014983322722943036	0.03336853507914192	-3.7186221956089387
IGF2-AS	0.22007967851729873	6.522685106797661	2.4290392276851707	0.015435584308671358	0.03431844911294599	-3.744425409701419
LBX1-AS1	-0.17627482683771045	6.256656128874264	-2.4229028710296032	0.01569610984585553	0.03477412381887349	-3.7589381649336393
AC012668.3	0.022436942457370327	5.882914138899004	2.4226962161498586	0.01570495069762216	0.03477412381887349	-3.7594262867104695
CENPF	0.5047470783805057	11.02381734824316	2.4223741396801284	0.015718738128021523	0.03477412381887349	-3.7601869545793867
BRINP3	-0.4765737687043709	10.21662671139128	-2.421277740209169	0.015765752782446494	0.034795249767969064	-3.762775645886465
RXFP2	0.06603980464637459	5.908375678927878	2.4209354857252734	0.015780454355038442	0.034795249767969064	-3.7635835022623145
AIPL1	-0.33958918235629953	6.4780181266821915	-2.4181567770975114	0.015900262200110645	0.035001567285392075	-3.770138213959944
HERC5	0.26788565420213706	9.292460962314218	2.4170500327677997	0.01594820385485145	0.035049265143940425	-3.7727468650111446
ZDHHC19	0.07111866731510086	6.339994925577064	2.413614923924561	0.016097817455026205	0.03531988237665289	-3.7808361317972157
MIR31HG	0.15115882311494397	6.466369759375066	2.4049736528889674	0.016479663682755337	0.03609831092413074	-3.801135416503829
CHRNA9	0.259210470780713	6.778666802876927	2.403106018477097	0.01656323255911583	0.03617892769933252	-3.8055133130223764
ETV3L	-0.12460814913828429	6.10443534368727	-2.4029393526741853	0.016570708264087085	0.03617892769933252	-3.8059038300268537
LINC01736	-0.2790263122299029	7.830438561912411	-2.394435175622106	0.016956123155457938	0.03695991550552433	-3.8257948419506547
HTR2C	-0.31884186254624974	6.98602268458326	-2.3925302338570056	0.017043529909713407	0.037089835072687906	-3.830240964228829
EXO1	0.2949829514056187	8.016311489728333	2.390677077956072	0.017128940604008852	0.03721499473248829	-3.8345628891469814
TMEM212	0.05720303135855932	6.035419028880642	2.3749804258032636	0.017867615768017864	0.03875674704802574	-3.871038858914849
POLQ	0.28433766424665274	8.075400372495816	2.3681865294838387	0.01819591353612932	0.03940478678116317	-3.886753478713155
DNMT3L	-0.03822229249215181	5.897527580493451	-2.3663183002885315	0.018287114198756546	0.03953810428061788	-3.8910670447738447
CDHR4	0.1088110828650148	6.135778629296592	2.3575446920399443	0.018720799093512593	0.0404102685934398	-3.9112798159811915
TMEM244	-0.10057320594029431	6.044772395226785	-2.3547242599240232	0.018862117849267158	0.040649539920714683	-3.917761924340555
CTRC	0.05140624869136927	6.159212762451538	2.3470411473536545	0.019251837769913262	0.041422502556555316	-3.935381156963702
ADGRF4	0.1338380183660172	6.220936622766151	2.3406200711427463	0.019582935878443994	0.0420670474425834	-3.950062891452166
SFTA3	0.11297302551114753	5.996073602828307	2.335547728657616	0.019848002376094485	0.04256501660265843	-3.9616328520986683
RAX	-0.16772673249655695	6.284565774173175	-2.3349667029036913	0.019878564725229537	0.04256501660265843	-3.9629565933449653
CAPN11	0.06060561331835302	6.272870322262327	2.32900640107148	0.020194466792258885	0.04317214535396371	-3.976517182990046
C12orf56	0.14992001387320242	6.583050458912674	2.3123704524077273	0.021099534364686253	0.045034846147986335	-4.014186480735583
SPAG5	0.3147314184125477	9.488528436217635	2.3103141266473446	0.021213831654450177	0.045206471928173377	-4.018824273838625
CYP2J2	-0.32972480497666057	8.819151106242094	-2.30808162965223	0.02133853293027493	0.04539968569216389	-4.023854813194876
GUCY1B2	0.09393943830292531	6.151065140619754	2.3038095756337538	0.02157894345869993	0.045838074162270225	-4.0334678236121055
LINC01399	0.04600418971605979	6.026011076703065	2.2972209951544618	0.021954351180721775	0.046561374364201664	-4.048259217367187
IL5RA	0.18054706810775029	6.5797831382307095	2.281015745109566	0.022902029545931245	0.048494138752813144	-4.084463068095287
TEX11	0.07691268841255755	6.040175540377906	2.27644189481803	0.023175872388949515	0.04899621833099628	-4.094635868572576
DRP2	-0.3501174177794127	9.603831166807634	-2.273866384032993	0.023331322787761694	0.04924681107416788	-4.100355291099431
PRDM13	-0.1866548357268521	6.2842890342682525	-2.2707800970583722	0.02351879672232833	0.049564099253690354	-4.10720061377988
TFAP2B	-0.26250533930669157	6.717749235471891	-2.268706797328154	0.02364547233409678	0.04975246071559164	-4.111794021991339
