SpliceID	dPSI	Uniprot	gene	Preference	Uniprot_wrapped	type	file	Exon Coordinates
ACVRL1:51913559-51913770_51913098-51913350_51914438-51914585	0.674948717948718	Modifications	ACVRL1	Skipping	Modifications	Kinase	PfamKinase	51913559-51913770
BCKDK:31110688-31110761_31110400-31110499_31111090-31111219	0.945927710843374	Modifications	BCKDK	Skipping	Modifications	Kinase	Kincat_Hsap.08.02.txt	31110688-31110761
CAMK2A:150250688-150250810_150248703-150250309_150251749-150251844	0.971538461538461	Modifications	CAMK2A	Skipping	Modifications	Kinase	PfamKinase	150250688-150250810
CAMK2G:73819532-73819617_73817478-73817554_73821681-73821730	0.254481366459627	Modifications	CAMK2G	Skipping	Modifications	Kinase	PfamKinase	73819532-73819617
CAMK2G:73819532-73819645_73817478-73817554_73821681-73821730	0.453015015015015	Modifications	CAMK2G	Skipping	Modifications	Kinase	PfamKinase	73819532-73819645
CAMK2G:73825279-73825347_73824039-73824084_73828088-73828121	0.764205128205129	Modifications	CAMK2G	Skipping	Modifications	Kinase	PfamKinase	73825279-73825347
CAMK2G:73825279-73825347_73824039-73824084_73837467-73837511	0.857948818897639	Modifications	CAMK2G	Skipping	Modifications	Kinase	PfamKinase	73825279-73825347
CAMK2G:73825321-73825347_73824039-73824084_73837467-73837511	0.655737051792829	Modifications	CAMK2G	Skipping	Modifications	Kinase	PfamKinase	73825321-73825347
CAMK4:111344024-111344102_111224381-111224644_111374849-111374912	0.951090909090909	Modifications	CAMK4	Skipping	Modifications	Kinase	PfamKinase	111344024-111344102
CASK:41853097-41853227_41787177-41787283_41922929-41923010	0.9498	Modifications	CASK	Skipping	Modifications	Kinase	Kincat_Hsap.08.02.txt, PfamKinase	41853097-41853227
CASK:41853115-41853227_41786809-41787283_41922929-41922947	0.969694736842105	Modifications	CASK	Skipping	Modifications	Kinase	Kincat_Hsap.08.02.txt, PfamKinase	41853115-41853227
CDC42BPA:227004994-227005111_226994822-226994980_227016079-227016197	0.9492	Modifications	CDC42BPA	Skipping	Modifications	Kinase	PfamKinase	227004994-227005111
CDK10:89693398-89693467_89693273-89693326_89694172-89694232	0.884945945945946	Modifications	CDK10	Skipping	Modifications	Kinase	Kincat_Hsap.08.02.txt, PfamKinase	89693398-89693467
CDK14:90726567-90726812_90604217-90604249_90747680-90747725	0.965076923076923	Modifications	CDK14	Skipping	Modifications	Kinase	PfamKinase	90726567-90726812
CDK14:90747681-90747775_90726503-90726812_90790572-90790614	0.981052631578947	Modifications	CDK14	Skipping	Modifications	Kinase	PfamKinase	90747681-90747775
CDK17:96311052-96311177_96300303-96300360_96313320-96313454	0.960035714285714	Modifications	CDK17	Skipping	Modifications	Kinase	PfamKinase	96311052-96311177
CDK17:96334719-96334865_96323947-96324112_96399985-96400439	0.961522727272727	Modifications	CDK17	Skipping	Modifications	Kinase	PfamKinase	96334719-96334865
CDK1:60788060-60788230_60785663-60785787_60791889-60791969	0.942309090909091	Modifications	CDK1	Skipping	Modifications	Kinase	Kincat_Hsap.08.02.txt	60788060-60788230
CLK1:200860125-200860215_200859679-200859746_200861237-200861466	0.753066455696203	Modifications	CLK1	Skipping	Modifications	Kinase	Kincat_Hsap.08.02.txt, PfamKinase	200860125-200860215
CLK2:155268708-155268792_155268292-155268359_155269487-155269713	0.75760621761658	Modifications	CLK2	Skipping	Modifications	Kinase	Kincat_Hsap.08.02.txt, PfamKinase	155268708-155268792
CLK2:155268708-155268795_155268292-155268359_155269487-155269713	0.810430051813471	Modifications	CLK2	Skipping	Modifications	Kinase	Kincat_Hsap.08.02.txt, PfamKinase	155268708-155268795
CLK3:74622120-74622216_74619966-74620225_74622493-74622560	0.882767123287671	Modifications	CLK3	Skipping	Modifications	Kinase	Kincat_Hsap.08.02.txt, PfamKinase	74622120-74622216
CLK4:178617344-178617434_178616881-178616948_178618555-178618778	0.714709251101321	Modifications	CLK4	Skipping	Modifications	Kinase	Kincat_Hsap.08.02.txt, PfamKinase	178617344-178617434
CSF1R:150059700-150059862_150057503-150057592_150060861-150060972	0.980296296296296	Modifications	CSF1R	Skipping	Modifications	Kinase	Kincat_Hsap.08.02.txt	150059700-150059862
DCLK2:150248305-150248385_150247602-150247699_150249567-150249684	0.991222222222222	Modifications	DCLK2	Skipping	Modifications	Kinase	Kincat_Hsap.08.02.txt, PfamKinase	150248305-150248385
DYRK2:67649797-67649945_67648744-67649182_67657105-67665406	0.652032110091743	Modifications	DYRK2	Skipping	Modifications	Kinase	Kincat_Hsap.08.02.txt, PfamKinase	67649797-67649945
EEF2K:22225654-22225975_22206277-22206679_22244629-22244730	0.969	Modifications	EEF2K	Skipping	Modifications	Kinase	PfamKinase	22225654-22225975
EEF2K:22264818-22264880_22263109-22263187_22266389-22266524	0.888425	Modifications	EEF2K	Skipping	Modifications	Kinase	PfamKinase	22264818-22264880
EIF2AK1:6028615-6028697_6026727-6026961_6028917-6029032	0.9841	Modifications	EIF2AK1	Skipping	Modifications	Kinase	PfamKinase	6028615-6028697
EIF2AK4:40016502-40016672_40011280-40011346_40017107-40017242	0.923188679245283	Modifications	EIF2AK4	Skipping	Modifications	Kinase	PfamKinase	40016502-40016672
EPHA5:65490377-65490712_65420440-65420565_65495387-65495543	0.812738095238095	Modifications	EPHA5	Skipping	Modifications	Kinase	PfamKinase	65490377-65490712
EPHA5:65490377-65490712_65420440-65420565_65601640-65602304	0.75745	Modifications	EPHA5	Skipping	Modifications	Kinase	PfamKinase	65490377-65490712
GRK4:3037374-3037511_3029200-3029409_3040571-3040727	0.476	Modifications	GRK4	Skipping	Modifications	Kinase	PfamKinase	3037374-3037511
HIPK3:33286413-33287511_33257380-33257889_33328509-33328633	0.95195	Modifications	HIPK3	Skipping	Modifications	Kinase	Kincat_Hsap.08.02.txt, PfamKinase	33286413-33287511
IKBKE:206493266-206493378_206493022-206493119_206493919-206493991	0.773818181818182	Modifications	IKBKE	Skipping	Modifications	Kinase	PfamKinase	206493266-206493378
IRAK1:154013043-154013343_154012528-154012678_154014041-154014278	0.947904761904762	Modifications	IRAK1	Skipping	Modifications	Kinase	Kincat_Hsap.08.02.txt, PfamKinase	154013043-154013343
IRAK1:154013043-154013433_154012528-154012678_154014041-154014246	0.965190476190476	Modifications	IRAK1	Skipping	Modifications	Kinase	Kincat_Hsap.08.02.txt, PfamKinase	154013043-154013433
MAP3K20:173090998-173091190_173075841-173076002_173169804-173169892	0.921051724137931	Modifications	MAP3K20	Skipping	Modifications	Kinase	PfamKinase	173090998-173091190
MAP4K5:50445041-50445194_50443938-50444036_50446078-50446121	0.9758125	Modifications	MAP4K5	Skipping	Modifications	Kinase	PfamKinase	50445041-50445194
MAP4K5:50456516-50456594_50448773-50448832_50462664-50462781	0.97	Modifications	MAP4K5	Skipping	Modifications	Kinase	PfamKinase	50456516-50456594
MAPKAPK3:50644409-50644532_50642252-50642332_50645709-50645785	0.956363636363636	Modifications	MAPKAPK3	Skipping	Modifications	Kinase	Kincat_Hsap.08.02.txt, PfamKinase	50644409-50644532
MAPKAPK5:111868753-111868861_111866155-111866231_111870270-111870360	0.823114754098361	Modifications	MAPKAPK5	Skipping	Modifications	Kinase	Kincat_Hsap.08.02.txt, PfamKinase	111868753-111868861
MAPKAPK5:111868753-111868861_111867571-111867669_111870270-111870360	0.82274427480916	Modifications	MAPKAPK5	Skipping	Modifications	Kinase	Kincat_Hsap.08.02.txt, PfamKinase	111868753-111868861
MARK1:220657790-220657834_220653097-220653352_220661811-220664358	0.768314606741573	Modifications	MARK1	Skipping	Modifications	Kinase	Kincat_Hsap.08.02.txt, PfamKinase	220657790-220657834
MARK3:103405076-103405267_103385376-103386080_103428386-103428440	0.950298701298701	Modifications	MARK3	Skipping	Modifications	Kinase	Kincat_Hsap.08.02.txt, PfamKinase	103405076-103405267
MARK3:103491777-103492034_103480386-103480490_103502881-103503066	0.940283950617284	Modifications	MARK3	Skipping	Modifications	Kinase	Kincat_Hsap.08.02.txt, PfamKinase	103491777-103492034
MAST1:12843529-12843607_12840990-12841066_12847289-12847450	0.916	Modifications	MAST1	Skipping	Modifications	Kinase	Kincat_Hsap.08.02.txt, PfamKinase	12843529-12843607
MELK:36589536-36589652_36583626-36583712_36594627-36594771	0.874538461538461	Modifications	MELK	Skipping	Modifications	Kinase	Kincat_Hsap.08.02.txt, PfamKinase	36589536-36589652
MELK:36657241-36657363_36651745-36651877_36665349-36665581	0.815776	Modifications	MELK	Skipping	Modifications	Kinase	Kincat_Hsap.08.02.txt, PfamKinase	36657241-36657363
MKNK1:46560234-46560277_46557406-46558800_46561477-46561642	0.570643564356436	Modifications	MKNK1	Skipping	Modifications	Kinase	PfamKinase	46560234-46560277
MKNK2:2039631-2039856_2037464-2037829_2040133-2040177	0.443774509803922	Modifications	MKNK2	Skipping	Modifications	Kinase	Kincat_Hsap.08.02.txt	2039631-2039856
MKNK2:2039631-2039856_2037464-2037829_2040133-2040177	0.443774509803922	Modifications	MKNK2	Skipping	Modifications	Kinase	PfamKinase	2039631-2039856
MYLK:123732896-123733102_123725943-123726078_123733686-123734222	0.508186206896552	Modifications	MYLK	Skipping	Modifications	Kinase	PfamKinase	123732896-123733102
NADK2:36219596-36219679_36217747-36217884_36225541-36225612	0.957	Modifications	NADK2	Skipping	Modifications	Kinase	PfamKinase	36219596-36219679
NADK:1765228-1765446_1761664-1762035_1778288-1778419	0.9706	Modifications	NADK	Skipping	Modifications	Kinase	PfamKinase	1765228-1765446
NAXD:110637129-110637249_110635467-110635588_110638377-110639973	0.945	Modifications	NAXD	Skipping	Modifications	Kinase	PfamKinase	110637129-110637249
NEK1:169438083-169438259_169433544-169433665_169463242-169463395	0.825978813559322	Modifications	NEK1	Skipping	Modifications	Kinase	Kincat_Hsap.08.02.txt, PfamKinase	169438083-169438259
NEK3:52156075-52156248_52154079-52154173_52159542-52159550	0.707896551724138	Modifications	NEK3	Skipping	Modifications	Kinase	Kincat_Hsap.08.02.txt, PfamKinase	52156075-52156248
NEK4:52749692-52749829_52746733-52746904_52751931-52752070	0.624909937888198	Modifications	NEK4	Skipping	Modifications	Kinase	Kincat_Hsap.08.02.txt, PfamKinase	52749692-52749829
NEK6:124301936-124302054_124257948-124258085_124312508-124312649	0.978132075471698	Modifications	NEK6	Skipping	Modifications	Kinase	Kincat_Hsap.08.02.txt, PfamKinase	124301936-124302054
NEK6:124312509-124312649_124301935-124302054_124313922-124313985	0.975454545454545	Modifications	NEK6	Skipping	Modifications	Kinase	Kincat_Hsap.08.02.txt, PfamKinase	124312509-124312649
NEK6:124327338-124327445_124326329-124326438_124339570-124339607	0.991307692307692	Modifications	NEK6	Skipping	Modifications	Kinase	Kincat_Hsap.08.02.txt, PfamKinase	124327338-124327445
NEK7:198232553-198232637_198156997-198157276_198253039-198253078	0.972121212121212	Modifications	NEK7	Skipping	Modifications	Kinase	Kincat_Hsap.08.02.txt, PfamKinase	198232553-198232637
NEK9:75095372-75095431_75091269-75091478_75097099-75097270	0.922470588235294	Modifications	NEK9	Skipping	Modifications	Kinase	Kincat_Hsap.08.02.txt, PfamKinase	75095372-75095431
NEK9:75124046-75124223_75121118-75121174_75126702-75126964	0.930390243902439	Modifications	NEK9	Skipping	Modifications	Kinase	Kincat_Hsap.08.02.txt, PfamKinase	75124046-75124223
NPR2:35800022-35800157_35799617-35799731_35800388-35800483	0.934882352941176	Modifications	NPR2	Skipping	Modifications	Kinase	PfamKinase	35800022-35800157
NPR2:35801926-35802000_35801642-35801763_35802205-35802283	0.761126829268293	Modifications	NPR2	Skipping	Modifications	Kinase	PfamKinase	35801926-35802000
OXSR1:38242743-38242778_38236660-38236961_38246074-38246221	0.942901960784314	Modifications	OXSR1	Skipping	Modifications	Kinase	PfamKinase	38242743-38242778
PAK3:111123077-111123278_111097540-111097684_111142095-111142196	0.954	Modifications	PAK3	Skipping	Modifications	Kinase	Kincat_Hsap.08.02.txt, PfamKinase	111123077-111123278
PAK3:111123077-111123278_111103158-111103306_111142095-111142196	0.936875	Modifications	PAK3	Skipping	Modifications	Kinase	Kincat_Hsap.08.02.txt, PfamKinase	111123077-111123278
PAK4:39172918-39173106_39169531-39169757_39173575-39174010	0.579419689119171	Modifications	PAK4	Skipping	Modifications	Kinase	Kincat_Hsap.08.02.txt, PfamKinase	39172918-39173106
PAK4:39172918-39173376_39169531-39169757_39173575-39174010	0.707634020618557	Modifications	PAK4	Skipping	Modifications	Kinase	Kincat_Hsap.08.02.txt, PfamKinase	39172918-39173376
PEAK1:77178790-77182040_77158502-77158696_77252366-77252526	0.971692307692308	Modifications	PEAK1	Skipping	Modifications	Kinase	PfamKinase	77178790-77182040
PI4KB:151302194-151302298_151301843-151301967_151303540-151303650	0.970875	Modifications	PI4KB	Skipping	Modifications	Kinase	PfamKinase	151302194-151302298
PI4KB:151315573-151315672_151307573-151307801_151327270-151327400	0.899531914893617	Modifications	PI4KB	Skipping	Modifications	Kinase	PfamKinase	151315573-151315672
PI4KB:151315573-151316509_151307573-151307801_151326171-151326373	0.950428571428572	Modifications	PI4KB	Skipping	Modifications	Kinase	PfamKinase	151315573-151316509
PI4KB:151315573-151316509_151307573-151307801_151327270-151327416	0.951531914893617	Modifications	PI4KB	Skipping	Modifications	Kinase	PfamKinase	151315573-151316509
PIK3C2A:17135111-17135159_17134818-17135029_17136481-17136625	0.9618	Modifications	PIK3C2A	Skipping	Modifications	Kinase	PfamKinase	17135111-17135159
PIK3C2A:17168677-17169806_17155525-17155629_17207847-17207947	0.944805194805195	Modifications	PIK3C2A	Skipping	Modifications	Kinase	PfamKinase	17168677-17169806
PKD2:88043233-88043457_88038250-88038501_88046641-88046870	0.940795454545454	Modifications	PKD2	Skipping	Modifications	Kinase	Kincat_Hsap.08.02.txt	88043233-88043457
PKN2:88740988-88741288_88684221-88684628_88760221-88760376	0.957033333333334	Modifications	PKN2	Skipping	Modifications	Kinase	Kincat_Hsap.08.02.txt, PfamKinase	88740988-88741288
PKN2:88784639-88784824_88771662-88771879_88786103-88786213	0.94825	Modifications	PKN2	Skipping	Modifications	Kinase	Kincat_Hsap.08.02.txt, PfamKinase	88784639-88784824
PRKD3:37279746-37279929_37277865-37277989_37282541-37282619	0.955933333333334	Modifications	PRKD3	Skipping	Modifications	Kinase	PfamKinase	37279746-37279929
PRKD3:37289356-37289513_37286176-37286369_37290867-37290962	0.957328125	Modifications	PRKD3	Skipping	Modifications	Kinase	PfamKinase	37289356-37289513
PRKD3:37316237-37317179_37293132-37293271_37324680-37324833	0.747703422053232	Modifications	PRKD3	Skipping	Modifications	Kinase	PfamKinase	37316237-37317179
PRKDC:47782162-47782254_47779003-47779093_47782377-47782598	0.733858858858859	Modifications	PRKDC	Skipping	Modifications	Kinase	PfamKinase	47782162-47782254
PRKX:3641852-3641971_3626418-3626514_3655148-3655412	0.886783132530121	Modifications	PRKX	Skipping	Modifications	Kinase	Kincat_Hsap.08.02.txt, PfamKinase	3641852-3641971
PTK2:140675460-140675499_140674297-140674404_140700890-140701022	0.903608695652174	Modifications	PTK2	Skipping	Modifications	Kinase	PfamKinase	140675460-140675499
PTK2:140686632-140686694_140674297-140674404_140700890-140701022	0.911954545454545	Modifications	PTK2	Skipping	Modifications	Kinase	PfamKinase	140686632-140686694
PTK2:140686632-140686694_140675429-140675499_140700890-140701022	0.946984435797666	Modifications	PTK2	Skipping	Modifications	Kinase	PfamKinase	140686632-140686694
PTK2:140739018-140739107_140735044-140735455_140743229-140743330	0.970104761904762	Modifications	PTK2	Skipping	Modifications	Kinase	PfamKinase	140739018-140739107
PTK2B:27445794-27445919_27444205-27444271_27450748-27450895	0.804995327102804	Modifications	PTK2B	Skipping	Modifications	Kinase	PfamKinase	27445794-27445919
PTK2B:27451043-27451078_27450748-27450895_27451484-27451509	0.852081081081081	Modifications	PTK2B	Skipping	Modifications	Kinase	PfamKinase	27451043-27451078
RIPK1:3082547-3083313_3080978-3081116_3085258-3085408	0.766888888888889	Modifications	RIPK1	Skipping	Modifications	Kinase	Kincat_Hsap.08.02.txt, PfamKinase	3082547-3083313
ROR1:64009305-64009376_63774016-63774508_64049690-64049978	0.828555555555555	Modifications	ROR1	Skipping	Modifications	Kinase	Kincat_Hsap.08.02.txt, PfamKinase	64009305-64009376
RPS6KA4:64365301-64365465_64361851-64362002_64368131-64368260	0.937787878787879	Modifications	RPS6KA4	Skipping	Modifications	Kinase	PfamKinase	64365301-64365465
SRPK1:35870281-35870494_35869481-35869901_35870933-35870959	0.896771929824562	Modifications	SRPK1	Skipping	Modifications	Kinase	Kincat_Hsap.08.02.txt, PfamKinase	35870281-35870494
STK16:219247662-219247757_219247414-219247535_219248192-219248314	0.916128205128205	Modifications	STK16	Skipping	Modifications	Kinase	PfamKinase	219247662-219247757
STK32A:147239539-147239686_147234962-147235199_147278123-147278179	0.924255813953489	Modifications	STK32A	Skipping	Modifications	Kinase	PfamKinase	147239539-147239686
STK33:8413495-8413692_8391867-8392710_8435493-8435579	0.904148148148148	Modifications	STK33	Skipping	Modifications	Kinase	Kincat_Hsap.08.02.txt, PfamKinase	8413495-8413692
STK38:36499873-36499990_36498362-36498486_36506582-36506644	0.866566037735849	Modifications	STK38	Skipping	Modifications	Kinase	PfamKinase	36499873-36499990
TLK1:171117739-171117857_171082780-171082852_171160289-171160495	0.952863636363636	Modifications	TLK1	Skipping	Modifications	Kinase	Kincat_Hsap.08.02.txt, PfamKinase	171117739-171117857
TLK2:62524236-62524331_62523133-62523177_62536169-62536337	0.538753205128205	Modifications	TLK2	Skipping	Modifications	Kinase	Kincat_Hsap.08.02.txt, PfamKinase	62524236-62524331
TNIK:171108065-171108162_171101448-171101633_171110713-171110877	0.954354838709677	Modifications	TNIK	Skipping	Modifications	Kinase	Kincat_Hsap.08.02.txt, PfamKinase	171108065-171108162
TNIK:171128714-171128878_171125911-171126151_171138190-171138379	0.890649193548387	Modifications	TNIK	Skipping	Modifications	Kinase	Kincat_Hsap.08.02.txt, PfamKinase	171128714-171128878
TNIK:171161270-171161336_171157459-171157664_171167094-171167270	0.978333333333333	Modifications	TNIK	Skipping	Modifications	Kinase	Kincat_Hsap.08.02.txt, PfamKinase	171161270-171161336
TNK2:195882051-195882328_195879048-195879175_195883156-195883309	0.939387434554974	Modifications	TNK2	Skipping	Modifications	Kinase	PfamKinase	195882051-195882328
ULK3:74838643-74838745_74838439-74838504_74839009-74839050	0.926108108108108	Modifications	ULK3	Skipping	Modifications	Kinase	Kincat_Hsap.08.02.txt	74838643-74838745
VRK3:50009236-50009289_50007568-50007826_50016023-50016163	0.684442446043165	Modifications	VRK3	Skipping	Modifications	Kinase	Kincat_Hsap.08.02.txt, PfamKinase	50009236-50009289
VRK3:50009236-50009385_50007568-50007826_50016023-50016163	0.849060714285715	Modifications	VRK3	Skipping	Modifications	Kinase	Kincat_Hsap.08.02.txt, PfamKinase	50009236-50009385
ACTR2:65255545-65255694_65253727-65253864_65261246-65261392	0.989461538461538	Other	ACTR2	Skipping	Other	Kinase	Kincat_Hsap.08.02.txt	65255545-65255694
ACVRL1:51913974-51914073_51913558-51913770_51914438-51914585	0.834923076923077	Other	ACVRL1	Skipping	Other	Kinase	PfamKinase	51913974-51914073
ADCK2:140686990-140687241_140681041-140681137_140689596-140689725	0.9307125	Other	ADCK2	Skipping	Other	Kinase	Kincat_Hsap.08.02.txt	140686990-140687241
ALDH18A1:95642992-95643206_95637286-95637436_95653289-95653405	0.960804347826087	Other	ALDH18A1	Skipping	Other	Kinase	PfamKinase	95642992-95643206
BCKDK:31110688-31110761_31110400-31110499_31111090-31111219	0.945927710843374	Other	BCKDK	Skipping	Other	Kinase	Kincat_Hsap.08.02.txt	31110688-31110761
CAMK1:9765759-9765890_9763138-9763213_9767666-9767781	0.862812785388128	Other	CAMK1	Skipping	Other	Kinase	PfamKinase	9765759-9765890
CAMK4:111344024-111344102_111224381-111224644_111374849-111374912	0.951090909090909	Other	CAMK4	Skipping	Other	Kinase	PfamKinase	111344024-111344102
CASK:41853097-41853227_41787177-41787283_41922929-41923010	0.9498	Other	CASK	Skipping	Other	Kinase	Kincat_Hsap.08.02.txt, PfamKinase	41853097-41853227
CASK:41853115-41853227_41786809-41787283_41922929-41922947	0.969694736842105	Other	CASK	Skipping	Other	Kinase	Kincat_Hsap.08.02.txt, PfamKinase	41853115-41853227
CDC42BPA:227112671-227112913_227112311-227112422_227119803-227119937	0.829442028985508	Other	CDC42BPA	Skipping	Other	Kinase	PfamKinase	227112671-227112913
CDC42BPA:227254064-227254155_227213135-227213219_227317004-227317047	0.950767123287671	Other	CDC42BPA	Skipping	Other	Kinase	PfamKinase	227254064-227254155
CDC42BPA:227254064-227254155_227219262-227219420_227317004-227317047	0.932	Other	CDC42BPA	Skipping	Other	Kinase	PfamKinase	227254064-227254155
CDK10:89689252-89689324_89686669-89686759_89690552-89690557	0.780528985507247	Other	CDK10	Skipping	Other	Kinase	Kincat_Hsap.08.02.txt, PfamKinase	89689252-89689324
CDK10:89689252-89689324_89686688-89686797_89690552-89690557	0.476168253968254	Other	CDK10	Skipping	Other	Kinase	Kincat_Hsap.08.02.txt, PfamKinase	89689252-89689324
CDK10:89689252-89689324_89686950-89687334_89690552-89690557	0.692	Other	CDK10	Skipping	Other	Kinase	Kincat_Hsap.08.02.txt, PfamKinase	89689252-89689324
CDK10:89689252-89689324_89687588-89687815_89690552-89690557	0.784093023255814	Other	CDK10	Skipping	Other	Kinase	Kincat_Hsap.08.02.txt, PfamKinase	89689252-89689324
CDK14:90747681-90747775_90726503-90726812_90790572-90790614	0.981052631578947	Other	CDK14	Skipping	Other	Kinase	PfamKinase	90747681-90747775
CDK17:96298869-96298983_96297626-96297721_96300303-96300360	0.966222222222222	Other	CDK17	Skipping	Other	Kinase	PfamKinase	96298869-96298983
CDK17:96311052-96311177_96300303-96300360_96313320-96313454	0.960035714285714	Other	CDK17	Skipping	Other	Kinase	PfamKinase	96311052-96311177
CDK19:110746126-110746201_110670430-110670541_110815008-110815209	0.9519	Other	CDK19	Skipping	Other	Kinase	Kincat_Hsap.08.02.txt	110746126-110746201
CDK19:110746126-110746201_110670430-110670541_110815008-110815209	0.9519	Other	CDK19	Skipping	Other	Kinase	PfamKinase	110746126-110746201
CDK1:60788060-60788230_60785663-60785787_60791889-60791969	0.942309090909091	Other	CDK1	Skipping	Other	Kinase	Kincat_Hsap.08.02.txt	60788060-60788230
CDK8:26337567-26337642_26254103-26254769_26349071-26349182	0.918	Other	CDK8	Skipping	Other	Kinase	Kincat_Hsap.08.02.txt, PfamKinase	26337567-26337642
CHKB:50579727-50579802_50579425-50579507_50580189-50580253	0.910625	Other	CHKB	Skipping	Other	Kinase	PfamKinase	50579727-50579802
CLK2:155265860-155265954_155264644-155264774_155268009-155268126	0.905102941176471	Other	CLK2	Skipping	Other	Kinase	Kincat_Hsap.08.02.txt, PfamKinase	155265860-155265954
CLK2:155268708-155268792_155268292-155268359_155269487-155269713	0.75760621761658	Other	CLK2	Skipping	Other	Kinase	Kincat_Hsap.08.02.txt, PfamKinase	155268708-155268792
CLK2:155268708-155268795_155268292-155268359_155269487-155269713	0.810430051813471	Other	CLK2	Skipping	Other	Kinase	Kincat_Hsap.08.02.txt, PfamKinase	155268708-155268795
CLK3:74625802-74625968_74623619-74625018_74627351-74627401	0.960583333333333	Other	CLK3	Skipping	Other	Kinase	Kincat_Hsap.08.02.txt, PfamKinase	74625802-74625968
COQ8B:40703715-40703855_40703368-40703622_40705095-40705174	0.902689655172414	Other	COQ8B	Skipping	Other	Kinase	Kincat_Hsap.08.02.txt	40703715-40703855
CSNK1D:82265686-82265796_82255129-82255577_82273305-82273369	0.981457142857143	Other	CSNK1D	Skipping	Other	Kinase	PfamKinase	82265686-82265796
CSNK1G1:64259201-64259241_64251438-64251581_64300318-64300467	0.866159090909091	Other	CSNK1G1	Skipping	Other	Kinase	PfamKinase	64259201-64259241
CSNK1G3:123553107-123553147_123545414-123545841_123557494-123557564	0.960666666666667	Other	CSNK1G3	Skipping	Other	Kinase	PfamKinase	123553107-123553147
CSNK2A2:58174451-58174510_58168609-58168693_58184259-58184310	0.966	Other	CSNK2A2	Skipping	Other	Kinase	PfamKinase	58174451-58174510
CSNK2A2:58174451-58174510_58168609-58168693_58196732-58196844	0.89616	Other	CSNK2A2	Skipping	Other	Kinase	PfamKinase	58174451-58174510
DCLK2:150193138-150193240_150102477-150102812_150198001-150198103	0.988169811320755	Other	DCLK2	Skipping	Other	Kinase	Kincat_Hsap.08.02.txt, PfamKinase	150193138-150193240
DCLK2:150203795-150203889_150198001-150198103_150220702-150220778	0.969434554973822	Other	DCLK2	Skipping	Other	Kinase	Kincat_Hsap.08.02.txt, PfamKinase	150203795-150203889
DCLK2:150203795-150203889_150198001-150198103_150220705-150220778	0.963025773195876	Other	DCLK2	Skipping	Other	Kinase	Kincat_Hsap.08.02.txt, PfamKinase	150203795-150203889
DCLK2:150232682-150232828_150224500-150224558_150239741-150239875	0.966689655172414	Other	DCLK2	Skipping	Other	Kinase	Kincat_Hsap.08.02.txt, PfamKinase	150232682-150232828
DGKB:14701681-14701730_14698094-14698169_14718541-14718685	0.88023595505618	Other	DGKB	Skipping	Other	Kinase	PfamKinase	14701681-14701730
DGKB:14736041-14736194_14718541-14718685_14757654-14757731	0.960533333333333	Other	DGKB	Skipping	Other	Kinase	PfamKinase	14736041-14736194
DGKG:186284660-186284709_186280669-186280744_186288709-186288880	0.913632183908046	Other	DGKG	Skipping	Other	Kinase	PfamKinase	186284660-186284709
DMPK:45778493-45778641_45778126-45778220_45779263-45779359	0.965142857142857	Other	DMPK	Skipping	Other	Kinase	PfamKinase	45778493-45778641
EEF2K:22225654-22225975_22206277-22206679_22244629-22244730	0.969	Other	EEF2K	Skipping	Other	Kinase	PfamKinase	22225654-22225975
EEF2K:22257643-22257770_22257252-22257385_22258493-22258695	0.863611111111111	Other	EEF2K	Skipping	Other	Kinase	PfamKinase	22257643-22257770
EIF2AK1:6054546-6054704_6049783-6050045_6058965-6059056	0.97925	Other	EIF2AK1	Skipping	Other	Kinase	PfamKinase	6054546-6054704
EIF2AK4:40016502-40016672_40011280-40011346_40017107-40017242	0.923188679245283	Other	EIF2AK4	Skipping	Other	Kinase	PfamKinase	40016502-40016672
EIF2AK4:40025977-40026089_40022518-40022605_40029405-40029464	0.957153846153846	Other	EIF2AK4	Skipping	Other	Kinase	PfamKinase	40025977-40026089
EPHA5:65495388-65495543_65420440-65420565_65601640-65602304	0.688196428571428	Other	EPHA5	Skipping	Other	Kinase	PfamKinase	65495388-65495543
EPHB1:135106448-135106603_134951370-134952052_135132713-135132766	0.966	Other	EPHB1	Skipping	Other	Kinase	PfamKinase	135106448-135106603
EPHB1:135201474-135201689_135192575-135192823_135241147-135241297	0.965666666666667	Other	EPHB1	Skipping	Other	Kinase	PfamKinase	135201474-135201689
ETNK2:204149703-204149962_204146641-204146764_204151594-204151894	0.880222222222222	Other	ETNK2	Skipping	Other	Kinase	PfamKinase	204149703-204149962
FASTK:151078842-151079021_151077620-151078092_151079499-151079922	0.916909090909091	Other	FASTK	Skipping	Other	Kinase	Kincat_Hsap.08.02.txt	151078842-151079021
FASTK:151079500-151079922_151078841-151079021_151080684-151080790	0.914047337278106	Other	FASTK	Skipping	Other	Kinase	Kincat_Hsap.08.02.txt	151079500-151079922
FER:108798124-108798389_108768092-108768238_108832769-108832820	0.912	Other	FER	Skipping	Other	Kinase	Kincat_Hsap.08.02.txt, PfamKinase	108798124-108798389
FER:108832770-108832943_108798123-108798389_108835707-108835807	0.937568181818182	Other	FER	Skipping	Other	Kinase	Kincat_Hsap.08.02.txt, PfamKinase	108832770-108832943
GALK1:75763014-75763149_75762703-75762885_75763319-75763439	0.90875	Other	GALK1	Skipping	Other	Kinase	PfamKinase	75763014-75763149
GALK1:75763014-75763181_75762703-75762885_75763319-75763439	0.8369375	Other	GALK1	Skipping	Other	Kinase	PfamKinase	75763014-75763181
GALK2:49281987-49282085_49239219-49239367_49283565-49283579	0.890510791366907	Other	GALK2	Skipping	Other	Kinase	PfamKinase	49281987-49282085
GRK2:67281093-67281184_67280731-67280783_67281458-67281558	0.9669	Other	GRK2	Skipping	Other	Kinase	PfamKinase	67281093-67281184
GRK3:25604377-25604453_25564674-25565153_25644591-25644665	0.8577	Other	GRK3	Skipping	Other	Kinase	PfamKinase	25604377-25604453
GRK3:25604377-25604453_25564674-25565153_25661575-25661677	0.782333333333333	Other	GRK3	Skipping	Other	Kinase	PfamKinase	25604377-25604453
GRK3:25644592-25644665_25564674-25565153_25661575-25661677	0.77775	Other	GRK3	Skipping	Other	Kinase	PfamKinase	25644592-25644665
GRK3:25644592-25644665_25604376-25604453_25661575-25661677	0.799157894736842	Other	GRK3	Skipping	Other	Kinase	PfamKinase	25644592-25644665
GRK3:25672296-25672347_25667738-25667800_25674436-25674528	0.959785714285714	Other	GRK3	Skipping	Other	Kinase	PfamKinase	25672296-25672347
GRK4:2988727-2988839_2963607-2964122_2992214-2992292	0.517830357142857	Other	GRK4	Skipping	Other	Kinase	PfamKinase	2988727-2988839
GRK4:3009648-3009711_3007735-3007828_3013687-3013828	0.731740458015267	Other	GRK4	Skipping	Other	Kinase	PfamKinase	3009648-3009711
GRK5:119326516-119326611_119207570-119207969_119380814-119380927	0.914558823529412	Other	GRK5	Skipping	Other	Kinase	Kincat_Hsap.08.02.txt	119326516-119326611
GRK5:119326516-119326611_119207570-119207969_119380814-119380927	0.914558823529412	Other	GRK5	Skipping	Other	Kinase	PfamKinase	119326516-119326611
HIPK3:33286413-33287511_33257380-33257889_33328509-33328633	0.95195	Other	HIPK3	Skipping	Other	Kinase	Kincat_Hsap.08.02.txt, PfamKinase	33286413-33287511
HK1:69359897-69360045_69343826-69343989_69364782-69364786	0.972818181818181	Other	HK1	Skipping	Other	Kinase	PfamKinase	69359897-69360045
HK1:69368536-69368631_69364782-69364902_69369236-69369336	0.980461538461538	Other	HK1	Skipping	Other	Kinase	PfamKinase	69368536-69368631
HK1:69398595-69398828_69394949-69395105_69400990-69401443	0.977774193548387	Other	HK1	Skipping	Other	Kinase	PfamKinase	69398595-69398828
IKBKE:206493266-206493378_206493022-206493119_206493919-206493991	0.773818181818182	Other	IKBKE	Skipping	Other	Kinase	PfamKinase	206493266-206493378
IRAK1:154012529-154012678_154010505-154011917_154013042-154013343	0.975473684210526	Other	IRAK1	Skipping	Other	Kinase	Kincat_Hsap.08.02.txt, PfamKinase	154012529-154012678
IRAK1:154013043-154013343_154012528-154012678_154014041-154014278	0.947904761904762	Other	IRAK1	Skipping	Other	Kinase	Kincat_Hsap.08.02.txt, PfamKinase	154013043-154013343
IRAK1:154013043-154013433_154012528-154012678_154014041-154014246	0.965190476190476	Other	IRAK1	Skipping	Other	Kinase	Kincat_Hsap.08.02.txt, PfamKinase	154013043-154013433
IRAK1:154016032-154016097_154014041-154014278_154016436-154016644	0.955636363636364	Other	IRAK1	Skipping	Other	Kinase	Kincat_Hsap.08.02.txt, PfamKinase	154016032-154016097
LRRK2:40340294-40340454_40334966-40335157_40346752-40346923	0.957590909090909	Other	LRRK2	Skipping	Other	Kinase	Kincat_Hsap.08.02.txt, PfamKinase	40340294-40340454
LRRK2:40348409-40348509_40346752-40346923_40351538-40351733	0.960906976744186	Other	LRRK2	Skipping	Other	Kinase	Kincat_Hsap.08.02.txt, PfamKinase	40348409-40348509
MAP2K3:21312142-21312281_21305050-21305128_21313491-21313537	0.950818181818182	Other	MAP2K3	Skipping	Other	Kinase	Kincat_Hsap.08.02.txt, PfamKinase	21312142-21312281
MAP3K10:40192638-40192713_40192244-40192454_40198374-40198511	0.90528	Other	MAP3K10	Skipping	Other	Kinase	Kincat_Hsap.08.02.txt	40192638-40192713
MAP3K10:40192638-40192713_40192244-40192454_40198374-40198511	0.90528	Other	MAP3K10	Skipping	Other	Kinase	PfamKinase	40192638-40192713
MAP3K20:173090998-173091190_173075841-173076002_173169804-173169892	0.921051724137931	Other	MAP3K20	Skipping	Other	Kinase	PfamKinase	173090998-173091190
MAP4K3:39378066-39378123_39356164-39356339_39436891-39437065	0.941692307692308	Other	MAP4K3	Skipping	Other	Kinase	PfamKinase	39378066-39378123
MAP4K4:101790720-101790776_101698472-101698538_101823927-101824053	0.99154794520548	Other	MAP4K4	Skipping	Other	Kinase	PfamKinase	101790720-101790776
MAP4K4:101855977-101856138_101844100-101844311_101858995-101859082	0.979833333333333	Other	MAP4K4	Skipping	Other	Kinase	PfamKinase	101855977-101856138
MAPKAPK5:111866156-111866231_111865249-111865323_111867571-111867669	0.94414705882353	Other	MAPKAPK5	Skipping	Other	Kinase	Kincat_Hsap.08.02.txt, PfamKinase	111866156-111866231
MARK3:103405076-103405267_103385376-103386080_103428386-103428440	0.950298701298701	Other	MARK3	Skipping	Other	Kinase	Kincat_Hsap.08.02.txt, PfamKinase	103405076-103405267
MELK:36581644-36581739_36572861-36573007_36589535-36589652	0.775869565217391	Other	MELK	Skipping	Other	Kinase	Kincat_Hsap.08.02.txt, PfamKinase	36581644-36581739
MELK:36583627-36583712_36581643-36581739_36589535-36589652	0.740888111888112	Other	MELK	Skipping	Other	Kinase	Kincat_Hsap.08.02.txt, PfamKinase	36583627-36583712
MELK:36594628-36594771_36589535-36589652_36597221-36597290	0.742833333333334	Other	MELK	Skipping	Other	Kinase	Kincat_Hsap.08.02.txt, PfamKinase	36594628-36594771
MELK:36642997-36643083_36633101-36633200_36651745-36651877	0.904510204081633	Other	MELK	Skipping	Other	Kinase	Kincat_Hsap.08.02.txt, PfamKinase	36642997-36643083
MELK:36657241-36657363_36651745-36651877_36665349-36665581	0.815776	Other	MELK	Skipping	Other	Kinase	Kincat_Hsap.08.02.txt, PfamKinase	36657241-36657363
MINK1:4890951-4891124_4889646-4890735_4891455-4891716	0.9629	Other	MINK1	Skipping	Other	Kinase	PfamKinase	4890951-4891124
MKNK1:46580530-46580627_46573733-46576654_46583227-46583329	0.901238095238095	Other	MKNK1	Skipping	Other	Kinase	PfamKinase	46580530-46580627
MKNK2:2039631-2039856_2037464-2037829_2040133-2040177	0.443774509803922	Other	MKNK2	Skipping	Other	Kinase	Kincat_Hsap.08.02.txt	2039631-2039856
MKNK2:2039631-2039856_2037464-2037829_2040133-2040177	0.443774509803922	Other	MKNK2	Skipping	Other	Kinase	PfamKinase	2039631-2039856
MKNK2:2046186-2046283_2043502-2043582_2046366-2046468	0.970918032786885	Other	MKNK2	Skipping	Other	Kinase	Kincat_Hsap.08.02.txt	2046186-2046283
MKNK2:2046186-2046283_2043502-2043582_2046366-2046468	0.970918032786885	Other	MKNK2	Skipping	Other	Kinase	PfamKinase	2046186-2046283
MKNK2:2046522-2046691_2046460-2046468_2050800-2050947	0.880125	Other	MKNK2	Skipping	Other	Kinase	Kincat_Hsap.08.02.txt	2046522-2046691
MKNK2:2046522-2046691_2046460-2046468_2050800-2050947	0.880125	Other	MKNK2	Skipping	Other	Kinase	PfamKinase	2046522-2046691
MOK:102251756-102251804_102250811-102250987_102251916-102251995	0.708571428571429	Other	MOK	Skipping	Other	Kinase	Kincat_Hsap.08.02.txt, PfamKinase	102251756-102251804
MTOR:11117004-11117086_11115395-11115468_11121245-11121368	0.932552631578948	Other	MTOR	Skipping	Other	Kinase	Kincat_Hsap.08.02.txt	11117004-11117086
MTOR:11247625-11247733_11243113-11243300_11247818-11248094	0.913141509433962	Other	MTOR	Skipping	Other	Kinase	Kincat_Hsap.08.02.txt	11247625-11247733
MTOR:11256933-11257165_11255991-11256192_11258484-11258593	0.909107843137255	Other	MTOR	Skipping	Other	Kinase	Kincat_Hsap.08.02.txt	11256933-11257165
MVK:109581395-109581550_109575997-109576145_109586021-109586096	0.738630872483222	Other	MVK	Skipping	Other	Kinase	PfamKinase	109581395-109581550
MVK:109581395-109581550_109579801-109579946_109586021-109586096	0.841988235294117	Other	MVK	Skipping	Other	Kinase	PfamKinase	109581395-109581550
MYLK:123647224-123647427_123640286-123640504_123648970-123649064	0.946351351351351	Other	MYLK	Skipping	Other	Kinase	PfamKinase	123647224-123647427
MYLK:123752331-123752538_123739952-123740001_123793676-123793844	0.87345	Other	MYLK	Skipping	Other	Kinase	PfamKinase	123752331-123752538
NADK:1754051-1754208_1751231-1753060_1754283-1754383	0.857725806451613	Other	NADK	Skipping	Other	Kinase	PfamKinase	1754051-1754208
NADK:1754051-1754208_1753566-1753649_1754283-1754383	0.84387265917603	Other	NADK	Skipping	Other	Kinase	PfamKinase	1754051-1754208
NAXD:110627439-110627547_110615554-110615647_110634544-110634595	0.821277777777778	Other	NAXD	Skipping	Other	Kinase	PfamKinase	110627439-110627547
NAXD:110627439-110627547_110615627-110615774_110634544-110634595	0.919714285714286	Other	NAXD	Skipping	Other	Kinase	PfamKinase	110627439-110627547
NAXD:110627439-110627547_110624233-110624279_110634544-110634595	0.909125	Other	NAXD	Skipping	Other	Kinase	PfamKinase	110627439-110627547
NAXD:110637129-110637249_110635467-110635588_110638377-110639973	0.945	Other	NAXD	Skipping	Other	Kinase	PfamKinase	110637129-110637249
NEK11:131080423-131080588_131029597-131029878_131109802-131109921	0.884279069767442	Other	NEK11	Skipping	Other	Kinase	Kincat_Hsap.08.02.txt, PfamKinase	131080423-131080588
NEK3:52156075-52156248_52154079-52154173_52159542-52159550	0.707896551724138	Other	NEK3	Skipping	Other	Kinase	Kincat_Hsap.08.02.txt, PfamKinase	52156075-52156248
NEK6:124301936-124302054_124257948-124258085_124312508-124312649	0.978132075471698	Other	NEK6	Skipping	Other	Kinase	Kincat_Hsap.08.02.txt, PfamKinase	124301936-124302054
NEK6:124312509-124312649_124301935-124302054_124313922-124313985	0.975454545454545	Other	NEK6	Skipping	Other	Kinase	Kincat_Hsap.08.02.txt, PfamKinase	124312509-124312649
NEK6:124327338-124327445_124326329-124326438_124339570-124339607	0.991307692307692	Other	NEK6	Skipping	Other	Kinase	Kincat_Hsap.08.02.txt, PfamKinase	124327338-124327445
NEK7:198253040-198253180_198232552-198232637_198262574-198262623	0.957063829787234	Other	NEK7	Skipping	Other	Kinase	Kincat_Hsap.08.02.txt, PfamKinase	198253040-198253180
NEK9:75095372-75095431_75091269-75091478_75097099-75097270	0.922470588235294	Other	NEK9	Skipping	Other	Kinase	Kincat_Hsap.08.02.txt, PfamKinase	75095372-75095431
NEK9:75124046-75124223_75121118-75121174_75126702-75126964	0.930390243902439	Other	NEK9	Skipping	Other	Kinase	Kincat_Hsap.08.02.txt, PfamKinase	75124046-75124223
NIM1K:43245082-43246067_43192224-43192411_43277056-43277325	0.853447368421053	Other	NIM1K	Skipping	Other	Kinase	PfamKinase	43245082-43246067
NLK:28185179-28185265_28172516-28172618_28191020-28191172	0.931602941176471	Other	NLK	Skipping	Other	Kinase	Kincat_Hsap.08.02.txt, PfamKinase	28185179-28185265
PAK3:111163562-111163727_111162914-111163046_111173017-111173081	0.949214285714286	Other	PAK3	Skipping	Other	Kinase	Kincat_Hsap.08.02.txt, PfamKinase	111163562-111163727
PAK4:39172918-39173106_39169531-39169757_39173575-39174010	0.579419689119171	Other	PAK4	Skipping	Other	Kinase	Kincat_Hsap.08.02.txt, PfamKinase	39172918-39173106
PAK4:39172918-39173376_39169531-39169757_39173575-39174010	0.707634020618557	Other	PAK4	Skipping	Other	Kinase	Kincat_Hsap.08.02.txt, PfamKinase	39172918-39173376
PAPSS1:107701171-107701285_107693769-107694006_107720119-107720234	0.984228571428571	Other	PAPSS1	Skipping	Other	Kinase	PfamKinase	107701171-107701285
PDIK1L:26114292-26114593_26111164-26111420_26121836-26122124	0.879416666666667	Other	PDIK1L	Skipping	Other	Kinase	PfamKinase	26114292-26114593
PDIK1L:26114292-26114593_26111823-26111915_26121836-26122124	0.894057142857143	Other	PDIK1L	Skipping	Other	Kinase	PfamKinase	26114292-26114593
PDK1:172568741-172568817_172566855-172566933_172570725-172570812	0.815430232558139	Other	PDK1	Skipping	Other	Kinase	Kincat_Hsap.08.02.txt	172568741-172568817
PDPK1:2566356-2566453_2561479-2561522_2577424-2577500	0.2626	Other	PDPK1	Skipping	Other	Kinase	PfamKinase	2566356-2566453
PEAK1:77178790-77182040_77158502-77158696_77252366-77252526	0.971692307692308	Other	PEAK1	Skipping	Other	Kinase	PfamKinase	77178790-77182040
PHKG1:56087598-56087776_56083649-56083715_56088858-56088975	0.829590476190476	Other	PHKG1	Skipping	Other	Kinase	PfamKinase	56087598-56087776
PHKG2:30756367-30756520_30753393-30753557_30756589-30756715	0.770954838709677	Other	PHKG2	Skipping	Other	Kinase	PfamKinase	30756367-30756520
PI4KB:151302194-151302298_151301843-151301967_151303540-151303650	0.970875	Other	PI4KB	Skipping	Other	Kinase	PfamKinase	151302194-151302298
PI4KB:151315573-151315672_151307573-151307801_151327270-151327400	0.899531914893617	Other	PI4KB	Skipping	Other	Kinase	PfamKinase	151315573-151315672
PI4KB:151315573-151316509_151307573-151307801_151326171-151326373	0.950428571428572	Other	PI4KB	Skipping	Other	Kinase	PfamKinase	151315573-151316509
PI4KB:151315573-151316509_151307573-151307801_151327270-151327416	0.951531914893617	Other	PI4KB	Skipping	Other	Kinase	PfamKinase	151315573-151316509
PIK3C2A:17168677-17169806_17155525-17155629_17207847-17207947	0.944805194805195	Other	PIK3C2A	Skipping	Other	Kinase	PfamKinase	17168677-17169806
PINK1:20637842-20638129_20633457-20633935_20639891-20639992	0.985166666666667	Other	PINK1	Skipping	Other	Kinase	Kincat_Hsap.08.02.txt, PfamKinase	20637842-20638129
PKD2:88057983-88058103_88056065-88056267_88061905-88062004	0.806066265060241	Other	PKD2	Skipping	Other	Kinase	Kincat_Hsap.08.02.txt	88057983-88058103
PKN2:88740988-88741288_88684221-88684628_88760221-88760376	0.957033333333334	Other	PKN2	Skipping	Other	Kinase	Kincat_Hsap.08.02.txt, PfamKinase	88740988-88741288
PKN2:88784639-88784824_88771662-88771879_88786103-88786213	0.94825	Other	PKN2	Skipping	Other	Kinase	Kincat_Hsap.08.02.txt, PfamKinase	88784639-88784824
PKN2:88804391-88804534_88786103-88786213_88804845-88804894	0.849021052631579	Other	PKN2	Skipping	Other	Kinase	Kincat_Hsap.08.02.txt, PfamKinase	88804391-88804534
PNCK:153670450-153670594_153669732-153670130_153670743-153670831	0.8765	Other	PNCK	Skipping	Other	Kinase	PfamKinase	153670450-153670594
PRKCI:170267915-170268000_170263378-170263429_170270420-170270561	0.924666666666667	Other	PRKCI	Skipping	Other	Kinase	PfamKinase	170267915-170268000
PRKCZ:2146027-2146108_2144209-2144341_2148871-2148924	0.958294117647059	Other	PRKCZ	Skipping	Other	Kinase	PfamKinase	2146027-2146108
PTK2:140664917-140664997_140657899-140659678_140668268-140668424	0.966333333333333	Other	PTK2	Skipping	Other	Kinase	PfamKinase	140664917-140664997
PTK2:140669727-140669735_140668268-140668424_140674297-140674404	0.468568862275449	Other	PTK2	Skipping	Other	Kinase	PfamKinase	140669727-140669735
PTK2:140675460-140675499_140674297-140674404_140700890-140701022	0.903608695652174	Other	PTK2	Skipping	Other	Kinase	PfamKinase	140675460-140675499
PTK2:140686632-140686694_140674297-140674404_140700890-140701022	0.911954545454545	Other	PTK2	Skipping	Other	Kinase	PfamKinase	140686632-140686694
PTK2:140686632-140686694_140675429-140675499_140700890-140701022	0.946984435797666	Other	PTK2	Skipping	Other	Kinase	PfamKinase	140686632-140686694
PTK2:140702570-140702707_140700769-140701022_140706118-140706168	0.975924050632911	Other	PTK2	Skipping	Other	Kinase	PfamKinase	140702570-140702707
PTK2:140717598-140717709_140706118-140706205_140735250-140735286	0.963031496062992	Other	PTK2	Skipping	Other	Kinase	PfamKinase	140717598-140717709
PTK2:140744652-140744767_140743229-140743330_140746759-140746860	0.968323529411765	Other	PTK2	Skipping	Other	Kinase	PfamKinase	140744652-140744767
PTK2:140752232-140752316_140746449-140746860_140761164-140761262	0.977975	Other	PTK2	Skipping	Other	Kinase	PfamKinase	140752232-140752316
PTK2:140879471-140879637_140864311-140864399_140890542-140890603	0.857893081761006	Other	PTK2	Skipping	Other	Kinase	PfamKinase	140879471-140879637
PTK2B:27445794-27445919_27444205-27444271_27450748-27450895	0.804995327102804	Other	PTK2B	Skipping	Other	Kinase	PfamKinase	27445794-27445919
PTK2B:27451043-27451078_27450748-27450895_27451484-27451509	0.852081081081081	Other	PTK2B	Skipping	Other	Kinase	PfamKinase	27451043-27451078
RIOK3:23467399-23467526_23466132-23466276_23473428-23473483	0.925222222222222	Other	RIOK3	Skipping	Other	Kinase	Kincat_Hsap.08.02.txt	23467399-23467526
ROCK2:11235702-11235962_11227253-11227398_11249660-11249798	0.956125	Other	ROCK2	Skipping	Other	Kinase	Kincat_Hsap.08.02.txt, PfamKinase	11235702-11235962
RPS6KL1:74907435-74907530_74903950-74907124_74908849-74908932	0.758277777777778	Other	RPS6KL1	Skipping	Other	Kinase	PfamKinase	74907435-74907530
RPS6KL1:74909543-74910148_74909100-74909190_74911247-74911380	0.680515151515152	Other	RPS6KL1	Skipping	Other	Kinase	PfamKinase	74909543-74910148
RPS6KL1:74911794-74911841_74910889-74911380_74919844-74919969	0.751916666666667	Other	RPS6KL1	Skipping	Other	Kinase	PfamKinase	74911794-74911841
RPS6KL1:74918513-74918605_74911793-74911841_74919844-74919969	0.661516666666667	Other	RPS6KL1	Skipping	Other	Kinase	PfamKinase	74918513-74918605
SMG1:18889372-18889585_18885540-18885666_18890862-18890921	0.9546	Other	SMG1	Skipping	Other	Kinase	Kincat_Hsap.08.02.txt, PfamKinase	18889372-18889585
SMG1:18896052-18896207_18892217-18892354_18896792-18896956	0.912561403508772	Other	SMG1	Skipping	Other	Kinase	Kincat_Hsap.08.02.txt, PfamKinase	18896052-18896207
SRM:11055781-11055926_11054961-11055084_11056010-11056094	0.979184615384615	Other	SRM	Skipping	Other	Kinase	Kincat_Hsap.08.02.txt	11055781-11055926
STK16:219247662-219247757_219247414-219247535_219248192-219248314	0.916128205128205	Other	STK16	Skipping	Other	Kinase	PfamKinase	219247662-219247757
STK24:98460372-98460440_98455420-98457304_98461773-98461897	0.947619047619048	Other	STK24	Skipping	Other	Kinase	PfamKinase	98460372-98460440
STK25:241501478-241501708_241500739-241500796_241508005-241508135	0.970208333333333	Other	STK25	Skipping	Other	Kinase	PfamKinase	241501478-241501708
STK25:241501478-241501708_241500739-241500796_241508442-241508624	0.947608695652174	Other	STK25	Skipping	Other	Kinase	PfamKinase	241501478-241501708
STK25:241501478-241501799_241500779-241500796_241508005-241508135	0.94125	Other	STK25	Skipping	Other	Kinase	PfamKinase	241501478-241501799
STK32A:147239539-147239686_147234962-147235199_147278123-147278179	0.924255813953489	Other	STK32A	Skipping	Other	Kinase	PfamKinase	147239539-147239686
STK32B:5139905-5139960_5051479-5051915_5168298-5168450	0.951714285714286	Other	STK32B	Skipping	Other	Kinase	PfamKinase	5139905-5139960
STK33:8413495-8413692_8391867-8392710_8435493-8435579	0.904148148148148	Other	STK33	Skipping	Other	Kinase	Kincat_Hsap.08.02.txt, PfamKinase	8413495-8413692
STK33:8440678-8440753_8436026-8436139_8452821-8452906	0.856045871559633	Other	STK33	Skipping	Other	Kinase	Kincat_Hsap.08.02.txt, PfamKinase	8440678-8440753
STK35:2116666-2117415_2102767-2103365_2143783-2148555	0.934020408163265	Other	STK35	Skipping	Other	Kinase	PfamKinase	2116666-2117415
STK40:36358737-36358822_36358238-36358382_36361220-36361340	0.953571428571429	Other	STK40	Skipping	Other	Kinase	PfamKinase	36358737-36358822
STK40:36358737-36358822_36358238-36358382_36385722-36385884	0.917	Other	STK40	Skipping	Other	Kinase	PfamKinase	36358737-36358822
STK40:36358737-36358837_36358238-36358382_36361220-36361340	0.886285714285714	Other	STK40	Skipping	Other	Kinase	PfamKinase	36358737-36358837
STRADB:201469953-201470052_201458783-201458864_201472954-201473076	0.958754716981132	Other	STRADB	Skipping	Other	Kinase	PfamKinase	201469953-201470052
TAF1:71454170-71454237_71424153-71424238_71454740-71454857	0.913222222222222	Other	TAF1	Skipping	Other	Kinase	Kincat_Hsap.08.02.txt	71454170-71454237
TAF1:71459150-71459251_71458240-71458357_71459551-71459708	0.702836363636364	Other	TAF1	Skipping	Other	Kinase	Kincat_Hsap.08.02.txt	71459150-71459251
TAF1:71459150-71459251_71458240-71458366_71459551-71459708	0.233733944954129	Other	TAF1	Skipping	Other	Kinase	Kincat_Hsap.08.02.txt	71459150-71459251
TAOK1:29480368-29480481_29478250-29478347_29482196-29482288	0.973761904761905	Other	TAOK1	Skipping	Other	Kinase	PfamKinase	29480368-29480481
TAOK1:29498318-29498521_29495559-29495727_29502588-29502723	0.984511111111111	Other	TAOK1	Skipping	Other	Kinase	PfamKinase	29498318-29498521
TLK1:171028339-171028405_171014850-171014948_171046173-171046362	0.97064	Other	TLK1	Skipping	Other	Kinase	Kincat_Hsap.08.02.txt, PfamKinase	171028339-171028405
TLK1:171046174-171046362_171028338-171028405_171049813-171049950	0.94336	Other	TLK1	Skipping	Other	Kinase	Kincat_Hsap.08.02.txt, PfamKinase	171046174-171046362
TLK2:62523134-62523177_62522203-62522273_62536169-62536337	0.885888888888889	Other	TLK2	Skipping	Other	Kinase	Kincat_Hsap.08.02.txt, PfamKinase	62523134-62523177
TLK2:62552302-62552397_62536169-62536337_62560015-62560126	0.820226666666667	Other	TLK2	Skipping	Other	Kinase	Kincat_Hsap.08.02.txt, PfamKinase	62552302-62552397
TNIK:171107183-171107206_171101448-171101633_171108064-171108162	0.469663580246914	Other	TNIK	Skipping	Other	Kinase	Kincat_Hsap.08.02.txt, PfamKinase	171107183-171107206
TNIK:171108065-171108162_171101448-171101633_171110713-171110877	0.954354838709677	Other	TNIK	Skipping	Other	Kinase	Kincat_Hsap.08.02.txt, PfamKinase	171108065-171108162
TNIK:171128714-171128878_171125911-171126151_171138190-171138379	0.890649193548387	Other	TNIK	Skipping	Other	Kinase	Kincat_Hsap.08.02.txt, PfamKinase	171128714-171128878
TNIK:171139470-171139556_171138190-171138379_171140398-171140509	0.827792207792208	Other	TNIK	Skipping	Other	Kinase	Kincat_Hsap.08.02.txt, PfamKinase	171139470-171139556
TNIK:171161270-171161336_171157459-171157664_171167094-171167270	0.978333333333333	Other	TNIK	Skipping	Other	Kinase	Kincat_Hsap.08.02.txt, PfamKinase	171161270-171161336
TNK2:195882051-195882328_195879048-195879175_195883156-195883309	0.939387434554974	Other	TNK2	Skipping	Other	Kinase	PfamKinase	195882051-195882328
TRPM7:50596255-50596381_50594428-50594613_50599121-50599296	0.9292	Other	TRPM7	Skipping	Other	Kinase	PfamKinase	50596255-50596381
TTBK2:42794644-42794801_42783418-42783635_42810613-42810739	0.868833333333333	Other	TTBK2	Skipping	Other	Kinase	Kincat_Hsap.08.02.txt, PfamKinase	42794644-42794801
TTBK2:42872611-42872758_42840359-42840433_42878548-42878684	0.902348837209302	Other	TTBK2	Skipping	Other	Kinase	Kincat_Hsap.08.02.txt, PfamKinase	42872611-42872758
VRK3:49995191-49995275_49994813-49994919_50000789-50000854	0.781842105263158	Other	VRK3	Skipping	Other	Kinase	Kincat_Hsap.08.02.txt, PfamKinase	49995191-49995275
VRK3:50009236-50009385_50007568-50007826_50016023-50016163	0.849060714285715	Other	VRK3	Skipping	Other	Kinase	Kincat_Hsap.08.02.txt, PfamKinase	50009236-50009385
WNK1:880721-880999_879572-880031_881691-881789	0.892857142857143	Other	WNK1	Skipping	Other	Kinase	PfamKinase	880721-880999
WNK1:882943-883059_881910-882073_883394-883419	0.98490625	Other	WNK1	Skipping	Other	Kinase	PfamKinase	882943-883059
WNK1:900476-900670_897478-897681_907846-908034	0.982609271523178	Other	WNK1	Skipping	Other	Kinase	PfamKinase	900476-900670
WNK1:904453-904494_897478-897681_907846-907956	0.674478873239437	Other	WNK1	Skipping	Other	Kinase	PfamKinase	904453-904494
WNK1:904453-904494_901560-901632_907846-907956	0.780471698113207	Other	WNK1	Skipping	Other	Kinase	PfamKinase	904453-904494
BMPR1B:95114720-95114822_95104354-95104567_95115684-95115787	0.939333333333333	Disulfide Bond	BMPR1B	Skipping	Disulfide
Bond	Kinase	Kincat_Hsap.08.02.txt, PfamKinase	95114720-95114822
BMPR1B:95114720-95114827_95104407-95104567_95115684-95115787	0.836666666666667	Disulfide Bond	BMPR1B	Skipping	Disulfide
Bond	Kinase	Kincat_Hsap.08.02.txt, PfamKinase	95114720-95114827
MYLK:123732896-123733102_123725943-123726078_123733686-123734222	0.508186206896552	Disulfide Bond	MYLK	Skipping	Disulfide
Bond	Kinase	PfamKinase	123732896-123733102
SPEG:219488498-219488665_219488193-219488310_219488777-219488900	0.836291666666666	Disulfide Bond	SPEG	Skipping	Disulfide
Bond	Kinase	Kincat_Hsap.08.02.txt, PfamKinase	219488498-219488665
ETNK2:204149703-204149962_204146641-204146764_204151594-204151894	0.880222222222222	Localization Signal	ETNK2	Skipping	Localization
Signal	Kinase	PfamKinase	204149703-204149962
AAK1:69480860-69480961_69465845-69466551_69495984-69496080	0.377910256410256	Modifications	AAK1	Inclusion	Modifications	Kinase	Kincat_Hsap.08.02.txt, PfamKinase	69480860-69480961
AAK1:69480860-69480961_69465845-69466551_69505568-69505673	0.187103448275862	Modifications	AAK1	Inclusion	Modifications	Kinase	Kincat_Hsap.08.02.txt, PfamKinase	69480860-69480961
CAMK2G:73819532-73819617_73817478-73817554_73821681-73821730	0.254481366459627	Modifications	CAMK2G	Inclusion	Modifications	Kinase	PfamKinase	73819532-73819617
CAMK2G:73819532-73819645_73817478-73817554_73821681-73821730	0.453015015015015	Modifications	CAMK2G	Inclusion	Modifications	Kinase	PfamKinase	73819532-73819645
CAMK2G:73828089-73828121_73824039-73824084_73837467-73837511	0.434938202247191	Modifications	CAMK2G	Inclusion	Modifications	Kinase	PfamKinase	73828089-73828121
CAMK2G:73828089-73828121_73825278-73825347_73837467-73837511	0.0897314285714286	Modifications	CAMK2G	Inclusion	Modifications	Kinase	PfamKinase	73828089-73828121
CDKL3:134350249-134350427_134321790-134321903_134370997-134371041	0.298863247863248	Modifications	CDKL3	Inclusion	Modifications	Kinase	Kincat_Hsap.08.02.txt, PfamKinase	134350249-134350427
GRK4:3037374-3037511_3029200-3029409_3040571-3040727	0.476	Modifications	GRK4	Inclusion	Modifications	Kinase	PfamKinase	3037374-3037511
MELK:36657241-36657363_36651745-36651877_36665349-36665581	0.815776	Modifications	MELK	Inclusion	Modifications	Kinase	Kincat_Hsap.08.02.txt, PfamKinase	36657241-36657363
MINK1:4892402-4892512_4892148-4892234_4892655-4892768	0.290393442622951	Modifications	MINK1	Inclusion	Modifications	Kinase	PfamKinase	4892402-4892512
MKNK1:46560234-46560277_46557406-46558800_46561477-46561642	0.570643564356436	Modifications	MKNK1	Inclusion	Modifications	Kinase	PfamKinase	46560234-46560277
MKNK2:2039631-2039856_2037464-2037829_2040133-2040177	0.443774509803922	Modifications	MKNK2	Inclusion	Modifications	Kinase	Kincat_Hsap.08.02.txt	2039631-2039856
MKNK2:2039631-2039856_2037464-2037829_2040133-2040177	0.443774509803922	Modifications	MKNK2	Inclusion	Modifications	Kinase	PfamKinase	2039631-2039856
MYLK:123732896-123733102_123725943-123726078_123733686-123734222	0.508186206896552	Modifications	MYLK	Inclusion	Modifications	Kinase	PfamKinase	123732896-123733102
NAXD:110624234-110624279_110615544-110615647_110627438-110627547	0.427	Modifications	NAXD	Inclusion	Modifications	Kinase	PfamKinase	110624234-110624279
NEK4:52749692-52749829_52746733-52746904_52751931-52752070	0.624909937888198	Modifications	NEK4	Inclusion	Modifications	Kinase	Kincat_Hsap.08.02.txt, PfamKinase	52749692-52749829
PAK4:39172918-39173106_39169531-39169757_39173575-39174010	0.579419689119171	Modifications	PAK4	Inclusion	Modifications	Kinase	Kincat_Hsap.08.02.txt, PfamKinase	39172918-39173106
PAK4:39172918-39173376_39169531-39169757_39173575-39174010	0.707634020618557	Modifications	PAK4	Inclusion	Modifications	Kinase	Kincat_Hsap.08.02.txt, PfamKinase	39172918-39173376
PRKD3:37316237-37317179_37293132-37293271_37324680-37324833	0.747703422053232	Modifications	PRKD3	Inclusion	Modifications	Kinase	PfamKinase	37316237-37317179
PRKDC:47782162-47782254_47779003-47779093_47782377-47782598	0.733858858858859	Modifications	PRKDC	Inclusion	Modifications	Kinase	PfamKinase	47782162-47782254
SCYL3:169855796-169855957_169854269-169854964_169859040-169859212	0.15170987654321	Modifications	SCYL3	Inclusion	Modifications	Kinase	Kincat_Hsap.08.02.txt	169855796-169855957
TLK2:62524236-62524331_62523133-62523177_62536169-62536337	0.538753205128205	Modifications	TLK2	Inclusion	Modifications	Kinase	Kincat_Hsap.08.02.txt, PfamKinase	62524236-62524331
TTN:178739141-178741921_178738081-178738360_178753123-178753180	0.237	Modifications	TTN	Inclusion	Modifications	Kinase	Kincat_Hsap.08.02.txt, PfamKinase	178739141-178741921
CAMK1:9766125-9766213_9765758-9765890_9767666-9767781	0.0916581632653061	Other	CAMK1	Inclusion	Other	Kinase	PfamKinase	9766125-9766213
CAMK2G:73839539-73839601_73837467-73837511_73842168-73842211	0.0918217821782178	Other	CAMK2G	Inclusion	Other	Kinase	PfamKinase	73839539-73839601
CAMK2G:73873390-73873523_73872988-73873083_73874396-73874554	0.0312282608695652	Other	CAMK2G	Inclusion	Other	Kinase	PfamKinase	73873390-73873523
CDC42BPA:227219263-227219420_227213135-227213219_227254063-227254155	0.155670454545455	Other	CDC42BPA	Inclusion	Other	Kinase	PfamKinase	227219263-227219420
CDK10:89689252-89689324_89686688-89686797_89690552-89690557	0.476168253968254	Other	CDK10	Inclusion	Other	Kinase	Kincat_Hsap.08.02.txt, PfamKinase	89689252-89689324
CDKL3:134350249-134350427_134321790-134321903_134370997-134371041	0.298863247863248	Other	CDKL3	Inclusion	Other	Kinase	Kincat_Hsap.08.02.txt, PfamKinase	134350249-134350427
CSNK1D:82249698-82250179_82249430-82249602_82251378-82251414	0.0453896713615023	Other	CSNK1D	Inclusion	Other	Kinase	PfamKinase	82249698-82250179
DCLK2:150199028-150199078_150198001-150198103_150203794-150203889	0.054008547008547	Other	DCLK2	Inclusion	Other	Kinase	Kincat_Hsap.08.02.txt, PfamKinase	150199028-150199078
EPHB1:134977966-134978077_134951370-134952052_135106447-135106603	0.0223333333333333	Other	EPHB1	Inclusion	Other	Kinase	PfamKinase	134977966-134978077
GRK4:2988727-2988839_2963607-2964122_2992214-2992292	0.517830357142857	Other	GRK4	Inclusion	Other	Kinase	PfamKinase	2988727-2988839
HIPK3:33348166-33348228_33347851-33348013_33348521-33348818	0.16873063973064	Other	HIPK3	Inclusion	Other	Kinase	Kincat_Hsap.08.02.txt, PfamKinase	33348166-33348228
IRAK4:43771220-43771365_43768102-43768272_43772179-43772362	0.318942622950819	Other	IRAK4	Inclusion	Other	Kinase	Kincat_Hsap.08.02.txt	43771220-43771365
LMTK3:48509135-48509248_48508850-48508969_48509436-48509513	0.433456621004566	Other	LMTK3	Inclusion	Other	Kinase	PfamKinase	48509135-48509248
MAP2K3:21296086-21296210_21284671-21284969_21298412-21298444	0.0897215909090909	Other	MAP2K3	Inclusion	Other	Kinase	Kincat_Hsap.08.02.txt, PfamKinase	21296086-21296210
MAP2K7:7904451-7904548_7903906-7904068_7909754-7909896	0.0552333333333333	Other	MAP2K7	Inclusion	Other	Kinase	Kincat_Hsap.08.02.txt, PfamKinase	7904451-7904548
MAP2K7:7905808-7905855_7903884-7904068_7909754-7909896	0.136869918699187	Other	MAP2K7	Inclusion	Other	Kinase	Kincat_Hsap.08.02.txt, PfamKinase	7905808-7905855
MAP3K11:65605593-65605642_65599450-65599768_65605760-65605852	0.0629	Other	MAP3K11	Inclusion	Other	Kinase	Kincat_Hsap.08.02.txt	65605593-65605642
MAP3K11:65605593-65605642_65599450-65599768_65605760-65605852	0.0629	Other	MAP3K11	Inclusion	Other	Kinase	PfamKinase	65605593-65605642
MAST4:67149389-67149589_67145143-67145379_67152636-67152866	0.21240404040404	Other	MAST4	Inclusion	Other	Kinase	Kincat_Hsap.08.02.txt, PfamKinase	67149389-67149589
MELK:36657241-36657363_36651745-36651877_36665349-36665581	0.815776	Other	MELK	Inclusion	Other	Kinase	Kincat_Hsap.08.02.txt, PfamKinase	36657241-36657363
MINK1:4890222-4890308_4889646-4889763_4890516-4890735	0.171979274611399	Other	MINK1	Inclusion	Other	Kinase	PfamKinase	4890222-4890308
MINK1:4892402-4892512_4892148-4892234_4892655-4892768	0.290393442622951	Other	MINK1	Inclusion	Other	Kinase	PfamKinase	4892402-4892512
MKNK2:2039631-2039856_2037464-2037829_2040133-2040177	0.443774509803922	Other	MKNK2	Inclusion	Other	Kinase	Kincat_Hsap.08.02.txt	2039631-2039856
MKNK2:2039631-2039856_2037464-2037829_2040133-2040177	0.443774509803922	Other	MKNK2	Inclusion	Other	Kinase	PfamKinase	2039631-2039856
PAK3:111144860-111144922_111142095-111142196_111146520-111146565	0.134666666666667	Other	PAK3	Inclusion	Other	Kinase	Kincat_Hsap.08.02.txt, PfamKinase	111144860-111144922
PAK3:111146521-111146565_111142095-111142196_111147736-111147890	0.174382978723404	Other	PAK3	Inclusion	Other	Kinase	Kincat_Hsap.08.02.txt, PfamKinase	111146521-111146565
PAK4:39172918-39173106_39169531-39169757_39173575-39174010	0.579419689119171	Other	PAK4	Inclusion	Other	Kinase	Kincat_Hsap.08.02.txt, PfamKinase	39172918-39173106
PAK4:39172918-39173376_39169531-39169757_39173575-39174010	0.707634020618557	Other	PAK4	Inclusion	Other	Kinase	Kincat_Hsap.08.02.txt, PfamKinase	39172918-39173376
PAPSS1:107718342-107718396_107701170-107701285_107720119-107720226	0.00609090909090909	Other	PAPSS1	Inclusion	Other	Kinase	PfamKinase	107718342-107718396
PRKCA:66554519-66554579_66496200-66496283_66641354-66641466	0.0169473684210526	Other	PRKCA	Inclusion	Other	Kinase	PfamKinase	66554519-66554579
PTK2:140669727-140669735_140668268-140668424_140674297-140674404	0.468568862275449	Other	PTK2	Inclusion	Other	Kinase	PfamKinase	140669727-140669735
SMG1:18899987-18900044_18896792-18896956_18925949-18926158	0.261139664804469	Other	SMG1	Inclusion	Other	Kinase	Kincat_Hsap.08.02.txt, PfamKinase	18899987-18900044
STK32B:5140197-5140306_5139904-5139960_5168298-5168450	0.0353698630136986	Other	STK32B	Inclusion	Other	Kinase	PfamKinase	5140197-5140306
STK33:8440678-8440753_8436026-8436139_8452821-8452906	0.856045871559633	Other	STK33	Inclusion	Other	Kinase	Kincat_Hsap.08.02.txt, PfamKinase	8440678-8440753
TAF1:71455007-71455012_71454740-71454857_71458240-71458366	0.160642857142857	Other	TAF1	Inclusion	Other	Kinase	Kincat_Hsap.08.02.txt	71455007-71455012
TAF1:71459150-71459251_71458240-71458366_71459551-71459708	0.233733944954129	Other	TAF1	Inclusion	Other	Kinase	Kincat_Hsap.08.02.txt	71459150-71459251
TNIK:171107183-171107206_171101448-171101633_171108064-171108162	0.469663580246914	Other	TNIK	Inclusion	Other	Kinase	Kincat_Hsap.08.02.txt, PfamKinase	171107183-171107206
TNK2:195885413-195885543_195884829-195885033_195886976-195887047	0.0539087452471483	Other	TNK2	Inclusion	Other	Kinase	PfamKinase	195885413-195885543
TTN:178642237-178642317_178640540-178640630_178644547-178644616	0.4581	Other	TTN	Inclusion	Other	Kinase	Kincat_Hsap.08.02.txt, PfamKinase	178642237-178642317
TTN:178665708-178665791_178665376-178665460_178666823-178666901	0.364933333333333	Other	TTN	Inclusion	Other	Kinase	Kincat_Hsap.08.02.txt, PfamKinase	178665708-178665791
TTN:178669373-178669447_178667637-178667721_178669591-178669675	0.326428571428571	Other	TTN	Inclusion	Other	Kinase	Kincat_Hsap.08.02.txt, PfamKinase	178669373-178669447
WNK1:867866-869104_862082-862270_871264-871348	0.0810379746835442	Other	WNK1	Inclusion	Other	Kinase	PfamKinase	867866-869104
WNK1:867866-869104_862082-862270_878211-878361	0.0851125	Other	WNK1	Inclusion	Other	Kinase	PfamKinase	867866-869104
WNK1:880721-880999_878211-878361_881691-881789	0.291730769230769	Other	WNK1	Inclusion	Other	Kinase	PfamKinase	880721-880999
WNK1:904453-904494_900596-900670_907846-907956	0.119766233766234	Other	WNK1	Inclusion	Other	Kinase	PfamKinase	904453-904494
WNK1:904453-904494_901560-901632_907846-907956	0.780471698113207	Other	WNK1	Inclusion	Other	Kinase	PfamKinase	904453-904494
INSR:7150497-7150532_7142815-7143090_7152725-7152927	0.106606451612903	Disulfide Bond	INSR	Inclusion	Disulfide
Bond	Kinase	Kincat_Hsap.08.02.txt, PfamKinase	7150497-7150532
MYLK:123732896-123733102_123725943-123726078_123733686-123734222	0.508186206896552	Disulfide Bond	MYLK	Inclusion	Disulfide
Bond	Kinase	PfamKinase	123732896-123733102
WNK1:867866-869104_862082-862270_871264-871348	0.0810379746835442	Localization Signal	WNK1	Inclusion	Localization
Signal	Kinase	PfamKinase	867866-869104
WNK1:867866-869104_862082-862270_878211-878361	0.0851125	Localization Signal	WNK1	Inclusion	Localization
Signal	Kinase	PfamKinase	867866-869104
